-- MySQL dump 10.13  Distrib 5.7.9, for osx10.9 (x86_64)
--
-- Host: 209.104.115.222    Database: metrotoolbox
-- ------------------------------------------------------
-- Server version	5.5.46

/*!40101 SET @OLD_CHARACTER_SET_CLIENT=@@CHARACTER_SET_CLIENT */;
/*!40101 SET @OLD_CHARACTER_SET_RESULTS=@@CHARACTER_SET_RESULTS */;
/*!40101 SET @OLD_COLLATION_CONNECTION=@@COLLATION_CONNECTION */;
/*!40101 SET NAMES utf8 */;
/*!40103 SET @OLD_TIME_ZONE=@@TIME_ZONE */;
/*!40103 SET TIME_ZONE='+00:00' */;
/*!40014 SET @OLD_UNIQUE_CHECKS=@@UNIQUE_CHECKS, UNIQUE_CHECKS=0 */;
/*!40014 SET @OLD_FOREIGN_KEY_CHECKS=@@FOREIGN_KEY_CHECKS, FOREIGN_KEY_CHECKS=0 */;
/*!40101 SET @OLD_SQL_MODE=@@SQL_MODE, SQL_MODE='NO_AUTO_VALUE_ON_ZERO' */;
/*!40111 SET @OLD_SQL_NOTES=@@SQL_NOTES, SQL_NOTES=0 */;

--
-- Table structure for table `campaigns`
--

DROP TABLE IF EXISTS `campaigns`;
/*!40101 SET @saved_cs_client     = @@character_set_client */;
/*!40101 SET character_set_client = utf8 */;
CREATE TABLE `campaigns` (
  `campaign_id` int(11) NOT NULL AUTO_INCREMENT,
  `client_id` int(11) NOT NULL,
  `campaign_banner_id` int(11) NOT NULL DEFAULT '0',
  `campaign_project_number` varchar(100) COLLATE utf8_unicode_ci NOT NULL,
  `campaign_store_number` varchar(100) COLLATE utf8_unicode_ci NOT NULL,
  `campaign_title` varchar(20) COLLATE utf8_unicode_ci NOT NULL,
  `campaign_city` varchar(40) COLLATE utf8_unicode_ci DEFAULT NULL,
  `campaign_date_start` date DEFAULT NULL,
  `campaign_date_end` date DEFAULT NULL,
  `campaign_date_evenement` date DEFAULT NULL,
  `campaign_date_media_start` date DEFAULT NULL,
  `campaign_date_media_end` date DEFAULT NULL,
  `campaign_branch` varchar(256) COLLATE utf8_unicode_ci NOT NULL,
  `campaign_address` varchar(256) COLLATE utf8_unicode_ci NOT NULL,
  `campaign_manager_client` int(11) NOT NULL DEFAULT '0',
  `campaign_manager_tgi` int(11) NOT NULL DEFAULT '0',
  `campaign_type_id` int(11) NOT NULL DEFAULT '0',
  `campaign_budget` double(10,2) NOT NULL DEFAULT '0.00',
  `campaign_active` tinyint(1) NOT NULL DEFAULT '0',
  `campaign_status` tinyint(1) NOT NULL DEFAULT '0',
  PRIMARY KEY (`campaign_id`)
) ENGINE=MyISAM AUTO_INCREMENT=45 DEFAULT CHARSET=utf8 COLLATE=utf8_unicode_ci;
/*!40101 SET character_set_client = @saved_cs_client */;

--
-- Dumping data for table `campaigns`
--

LOCK TABLES `campaigns` WRITE;
/*!40000 ALTER TABLE `campaigns` DISABLE KEYS */;
INSERT INTO `campaigns` VALUES (1,1,2,'95125','M1152','MP Plouffe Bromont','Bromont','2016-04-27','2016-06-22','2016-05-19','2016-05-19','2016-06-15','Metro Plus Plouffe Bromont','555, Boul. Ste-Adèle Ste-Adèle, Québec',2,0,2,60000.00,1,1),(2,1,2,'95124','M2063','Metro Plus Candiac','Candiac','2016-04-27','2016-06-15','2016-05-12','2016-05-09','2016-06-05','Metro Plus Candiac','50, Rue Montcalm Nord Candiac, Québec',2,13,2,0.00,1,3),(3,1,2,'953XX','','initiative concorde','Laval','2016-05-17','2016-05-27','2016-06-16','2016-05-23','2016-05-27','Metro Plus Concorde Duvernay','3200, boul. De la Concorde',2,4,7,0.00,1,0),(4,1,3,'95323','à venir','Initi-reloc RduLoup','Rivière-du-Loup','2016-06-06','2016-08-01','2016-07-07',NULL,NULL,'Super C Rivière-du-Loup','à venir',0,0,5,0.00,1,1),(5,1,4,'94257','4047','Plan St-Cyprien-FDR','St-Cyprien','2016-01-25','2016-08-04','2016-07-21','2016-07-06','2016-08-04','Alim. D.G.C. Caillouette 1996 inc.','147, rue Principale, St-Cyprien, Québec, G0L 2Po',6,13,2,11000.00,1,0),(9,9,4,'92998','4480','MR Cap D\'Espoir','Cap d\'Espoir',NULL,NULL,'2016-09-01',NULL,NULL,'Marché St-Nicolas','1359, route 132, C.P. 238, Cap d\'Espoir, Qc, G0C 1G0',6,13,3,11000.00,1,0),(10,9,4,'','','MR East Broughton','East Broughton janvier 2017',NULL,NULL,NULL,NULL,NULL,'','',6,13,3,11000.00,1,0),(11,9,2,'95469 M Programme déménageur 2016','','Programme déménageur','Nationale','2016-06-30',NULL,'2016-06-30',NULL,NULL,'','',6,5,7,0.00,1,0),(12,9,4,'','4048','Plan S-A-D-Kamourask','St-Alexandre-de-Kamouraska',NULL,NULL,NULL,NULL,NULL,'Épicerie du Coin','749, route 289, St-Alexandre-de-Kamouraska',6,13,3,11000.00,1,0),(13,9,4,'','','Plan St-Basile','Saint-Basile',NULL,NULL,NULL,NULL,NULL,'Épicerie F. Gauthier et Fils inc.','320, rue De l\'Église, Saint-Basile, Qc, G0A 3G0',6,13,3,11.00,1,1),(14,9,4,'','','Plan Pohénégamook','Pohénégamook',NULL,NULL,NULL,NULL,NULL,'Alim. J.P. Labonté & Fils','451, rue Principale, Pohénégamook, Qc G0L 1J0',6,13,3,11000.00,1,0),(15,9,4,'','','Plan Ste-Perpétue','Ste-Perpétue-de-Nicolet',NULL,NULL,NULL,NULL,NULL,'L.D. Roy Inc.','2448, rue St-Joseph, Sainte-Perpétue, Qc J0C 1R0',6,13,3,11.00,1,1),(16,9,4,'','','Plan Charette','Charette',NULL,NULL,NULL,NULL,NULL,'Bournival & Villemure Inc.','201, rue St-Jean Baptiste, Charette, Qc G0X 1E0',6,13,3,11000.00,1,1),(17,9,3,'95669','25972','Initiative Varennes','Varennes','2016-06-30','2016-08-25','2016-09-08',NULL,NULL,'Super C Varennes','59, de l\'Aqueduc, Varennes, Qc, J3X 2J3',2,13,2,0.00,1,0),(18,9,3,'','','SC Beauport','Beauport',NULL,NULL,'2016-09-22',NULL,NULL,'','',2,0,3,0.00,1,0),(19,9,3,'','','SC Matane','Matane',NULL,NULL,'2016-11-03',NULL,NULL,'Super C Matane','',2,0,1,0.00,1,0),(20,9,3,'','','SC St-Romuald','St-Romuald',NULL,NULL,'2016-11-24',NULL,NULL,'Super C St-Romuald','',2,0,1,0.00,1,0),(21,9,3,'','','SC Baie-Saint-Paul','Baie-Saint-Paul',NULL,NULL,'2016-12-08',NULL,NULL,'','',2,0,1,0.00,1,0),(22,9,3,'','','SC Baie-Saint-Paul','Baie-Saint-Paul',NULL,NULL,'2016-12-08',NULL,NULL,'','',2,0,1,0.00,1,0),(23,9,3,'','','SC Portland','Portland ?',NULL,NULL,'2017-01-19',NULL,NULL,'','',2,0,1,0.00,1,0),(24,9,2,'93179','','Programme nouveau né','Nationale',NULL,NULL,NULL,NULL,NULL,'','',6,13,0,0.00,1,0),(25,9,3,'','','SC St-Romuald','Lévis','2016-08-05','2016-09-30','2016-12-05',NULL,NULL,'Super C St-Romuald','2150, boul. Guillaume-Couture, Lévis  G6W 2S6',2,0,4,0.00,1,0),(26,9,2,'95685 M Offensive rentrée universitaire // Napkin 2016','','Rentrée universtai','Nationale','2016-07-13','2016-09-15','2016-08-22',NULL,NULL,'','',6,5,7,0.00,1,0),(27,9,3,'95713 SC Ad. Livret Ribfest commandite','','Ad. command Ribfest','Montréal','2016-07-06','2016-08-31',NULL,NULL,NULL,'','',2,5,7,0.00,1,0),(28,9,3,'','','Panneau Ext Ouveture','Rivière-du-Loup','2016-07-05','2016-08-30','2016-07-11',NULL,NULL,'Super C Rivière-du-Loup','',2,5,1,0.00,1,0),(29,9,3,'95690 M Affiche ouverture Saint-Romuald','','Aff ouv St-Romuald','St-Romuald','2016-07-05','2016-08-30','2016-08-05',NULL,NULL,'Super C St-Romuald','',2,5,4,0.00,1,0),(30,9,4,'','1227','La Baie','La Baie',NULL,NULL,NULL,NULL,NULL,'','',6,13,3,0.00,1,0),(31,9,4,'','1112','Ste-Cécile-de-Masham','Ste-Cécile-de-Masham',NULL,NULL,NULL,NULL,NULL,'','',6,13,3,0.00,1,0),(32,9,4,'','1065','Huberdeau','Huberdeau',NULL,NULL,NULL,NULL,NULL,'','',6,13,3,0.00,1,0),(33,9,4,'','','St-Prime','St-Prime',NULL,NULL,NULL,NULL,NULL,'','',6,13,3,0.00,1,0),(34,9,4,'','4825','Amqui','Amqui',NULL,NULL,NULL,NULL,NULL,'','',6,13,3,0.00,1,0),(35,9,4,'','1021','Lanoraie','Lanoraie',NULL,NULL,NULL,NULL,NULL,'','',6,13,3,0.00,1,0),(36,9,4,'','4151','Labrecque','Labrecque',NULL,NULL,NULL,NULL,NULL,'','',6,13,3,0.00,1,0),(37,9,4,'','','St-Urbain','St-Urbain',NULL,NULL,NULL,NULL,NULL,'','',6,13,3,0.00,1,0),(38,9,4,'','','St-Prosper','St-Prosper',NULL,NULL,NULL,NULL,NULL,'','',6,13,3,0.00,1,0),(39,9,4,'','','Tadoussac','Tadoussac',NULL,NULL,NULL,NULL,NULL,'','',6,13,3,0.00,1,0),(40,9,4,'','','Venise-en-Québec','Venise-en-Québec',NULL,NULL,NULL,NULL,NULL,'','',6,13,3,0.00,1,0),(41,9,4,'','1456','Yamaska Ouest','Yamaska Ouest',NULL,NULL,NULL,NULL,NULL,'','',6,13,3,0.00,1,0),(42,9,4,'','1013','St-Valérien','St-Valérien',NULL,NULL,NULL,NULL,NULL,'','',6,13,3,0.00,1,0),(43,9,4,'','1013','St-Bernard-de-Beauce','St-Bernard-de-Beauce',NULL,NULL,NULL,NULL,NULL,'','',6,13,3,0.00,1,0),(44,9,4,'','4076','St-Bernard-de-Beauce','St-Bernard-de-Beauce',NULL,NULL,NULL,NULL,NULL,'','',6,13,3,0.00,1,3);
/*!40000 ALTER TABLE `campaigns` ENABLE KEYS */;
UNLOCK TABLES;

--
-- Table structure for table `campaigns_banners`
--

DROP TABLE IF EXISTS `campaigns_banners`;
/*!40101 SET @saved_cs_client     = @@character_set_client */;
/*!40101 SET character_set_client = utf8 */;
CREATE TABLE `campaigns_banners` (
  `campaign_banner_id` int(11) NOT NULL AUTO_INCREMENT,
  `client_id` int(11) NOT NULL,
  PRIMARY KEY (`campaign_banner_id`)
) ENGINE=MyISAM AUTO_INCREMENT=15 DEFAULT CHARSET=utf8 COLLATE=utf8_unicode_ci;
/*!40101 SET character_set_client = @saved_cs_client */;

--
-- Dumping data for table `campaigns_banners`
--

LOCK TABLES `campaigns_banners` WRITE;
/*!40000 ALTER TABLE `campaigns_banners` DISABLE KEYS */;
INSERT INTO `campaigns_banners` VALUES (1,9),(2,9),(3,9),(4,9),(9,1),(10,1);
/*!40000 ALTER TABLE `campaigns_banners` ENABLE KEYS */;
UNLOCK TABLES;

--
-- Table structure for table `campaigns_documents`
--

DROP TABLE IF EXISTS `campaigns_documents`;
/*!40101 SET @saved_cs_client     = @@character_set_client */;
/*!40101 SET character_set_client = utf8 */;
CREATE TABLE `campaigns_documents` (
  `campaign_document_id` int(11) NOT NULL AUTO_INCREMENT,
  `campaign_id` int(11) NOT NULL,
  `campaign_document_name` varchar(100) COLLATE utf8_unicode_ci NOT NULL,
  `campaign_document_date` date NOT NULL,
  `campaign_document_size` varchar(10) COLLATE utf8_unicode_ci DEFAULT NULL,
  `campaign_document_type` varchar(6) COLLATE utf8_unicode_ci NOT NULL,
  `campaign_document_user` int(11) NOT NULL,
  PRIMARY KEY (`campaign_document_id`)
) ENGINE=MyISAM AUTO_INCREMENT=9 DEFAULT CHARSET=utf8 COLLATE=utf8_unicode_ci;
/*!40101 SET character_set_client = @saved_cs_client */;

--
-- Dumping data for table `campaigns_documents`
--

LOCK TABLES `campaigns_documents` WRITE;
/*!40000 ALTER TABLE `campaigns_documents` DISABLE KEYS */;
INSERT INTO `campaigns_documents` VALUES (1,1,'Plan_media.ppt','2015-04-14','13 MB','ppt',1),(2,1,'Rapport_Nielsen.pdf','2015-04-04','22 MB','pdf',1),(3,1,'Rapport_clientele.ppt','2015-04-14','13 MB','ppt',1),(4,1,'Presentation_integree.pdf','2015-04-04','22 MB','pdf',3),(6,1,'0000-00-00.pdf','2015-12-03','515.11 B','pdf',3);
/*!40000 ALTER TABLE `campaigns_documents` ENABLE KEYS */;
UNLOCK TABLES;

--
-- Table structure for table `campaigns_i18n`
--

DROP TABLE IF EXISTS `campaigns_i18n`;
/*!40101 SET @saved_cs_client     = @@character_set_client */;
/*!40101 SET character_set_client = utf8 */;
CREATE TABLE `campaigns_i18n` (
  `table_name` varchar(100) COLLATE utf8_unicode_ci NOT NULL,
  `table_id` int(11) NOT NULL,
  `language_id` int(11) NOT NULL,
  `i18n_name` varchar(200) COLLATE utf8_unicode_ci NOT NULL,
  PRIMARY KEY (`table_name`,`table_id`,`language_id`)
) ENGINE=MyISAM DEFAULT CHARSET=utf8 COLLATE=utf8_unicode_ci;
/*!40101 SET character_set_client = @saved_cs_client */;

--
-- Dumping data for table `campaigns_i18n`
--

LOCK TABLES `campaigns_i18n` WRITE;
/*!40000 ALTER TABLE `campaigns_i18n` DISABLE KEYS */;
INSERT INTO `campaigns_i18n` VALUES ('campaigns_types',1,2,'Ouverture'),('campaigns_types',2,2,'Ren majeurs'),('campaigns_types',3,2,'Ren mineurs'),('campaigns_types',4,2,'Ren transformation'),('campaigns_types',5,2,'Loc modernisation'),('campaigns_types',6,2,'Loc transformation'),('campaigns_types',7,2,'Relance'),('campaigns_steps',1,2,'Strategie'),('campaigns_steps',2,2,'Développement du plan chiffré'),('campaigns_steps',3,2,'Création'),('campaigns_steps',4,2,'Production'),('campaigns_steps',5,2,'Post-production'),('campaigns_steps',6,2,'Campagne'),('campaigns_banners',1,2,'Metro affilié'),('campaigns_banners',2,2,'Metro'),('campaigns_banners',3,2,'Super C'),('campaigns_banners',4,2,'Marché Richelieu'),('campaigns_steps',1,1,'Strategy'),('campaigns_banners',5,2,'Adonis'),('campaigns_banners',2,1,'Metro'),('campaigns_banners',13,2,'Adonis'),('campaigns_status',1,2,'Non active'),('campaigns_status',2,2,'Non disponible'),('campaigns_status',3,2,'Fermée'),('campaigns_statuss',1,2,'Non active.'),('campaigns_banners',1,1,'Metro affiliated'),('campaigns_banners',3,1,'Super C'),('campaigns_banners',4,1,'Marché Richelieu'),('campaigns_banners',14,1,'Adonis'),('campaigns_banners',14,2,'Adonis'),('campaigns_types',1,1,'Opening'),('campaigns_types',2,1,'Major Reno'),('campaigns_types',3,1,'Minors Reno'),('campaigns_steps',2,1,'Development costed plan'),('campaigns_steps',3,1,'Creation'),('campaigns_steps',4,1,'Production'),('campaigns_steps',5,1,'Post-production'),('campaigns_steps',6,1,'Campaign'),('campaigns_status',1,1,'Inactive'),('campaigns_status',2,1,'Inavailable'),('campaigns_status',3,1,'Closed'),('campaigns_types',4,1,'Transformation Reno'),('campaigns_types',5,1,'Modernisation'),('campaigns_types',6,1,'Transformation'),('campaigns_types',7,1,'Relaunch'),('campaigns_types',4,0,'Ren transformation');
/*!40000 ALTER TABLE `campaigns_i18n` ENABLE KEYS */;
UNLOCK TABLES;

--
-- Table structure for table `campaigns_project_managers`
--

DROP TABLE IF EXISTS `campaigns_project_managers`;
/*!40101 SET @saved_cs_client     = @@character_set_client */;
/*!40101 SET character_set_client = utf8 */;
CREATE TABLE `campaigns_project_managers` (
  `campaign_manager_id` int(11) NOT NULL AUTO_INCREMENT,
  `campaign_manager_email` varchar(256) COLLATE utf8_unicode_ci NOT NULL,
  `campaign_manager_name` varchar(256) COLLATE utf8_unicode_ci NOT NULL,
  `campaign_manager_lastname` varchar(256) COLLATE utf8_unicode_ci NOT NULL,
  `campaign_manager_tgi` tinyint(1) NOT NULL DEFAULT '0',
  `campaign_manager_active` tinyint(1) NOT NULL,
  PRIMARY KEY (`campaign_manager_id`)
) ENGINE=MyISAM AUTO_INCREMENT=14 DEFAULT CHARSET=utf8 COLLATE=utf8_unicode_ci;
/*!40101 SET character_set_client = @saved_cs_client */;

--
-- Dumping data for table `campaigns_project_managers`
--

LOCK TABLES `campaigns_project_managers` WRITE;
/*!40000 ALTER TABLE `campaigns_project_managers` DISABLE KEYS */;
INSERT INTO `campaigns_project_managers` VALUES (1,'anie.lepine@tonikgroupimage.com','Anie','Lépine',1,1),(2,'Caroline.Guilbault@metro.ca','Caroline','Guilbault',0,1),(13,'sophie.beauchemin@tonikgroupimage.com','Sophie','Beauchemin',1,1),(4,'noemie.kopp@tonikgroupimage.com','Sophie','Picard',1,1),(5,'fannie.theroux@tonikgroupimage.com','Fannie','Théroux',1,1),(6,'bianka.leclerc@metro.ca','Bianka','Leclerc',0,0),(7,'Any-Kim.Gagnon@metro.ca','Any-Kim','Gagnon',0,1),(8,'jcgrenier@metro.ca','Jean-Claude','Grenier',0,1),(12,'sgelinas@metro.ca','Sophie','Gélinas',0,1);
/*!40000 ALTER TABLE `campaigns_project_managers` ENABLE KEYS */;
UNLOCK TABLES;

--
-- Table structure for table `campaigns_status`
--

DROP TABLE IF EXISTS `campaigns_status`;
/*!40101 SET @saved_cs_client     = @@character_set_client */;
/*!40101 SET character_set_client = utf8 */;
CREATE TABLE `campaigns_status` (
  `campaign_status_id` int(11) NOT NULL AUTO_INCREMENT,
  `campaign_status_color` varchar(8) COLLATE utf8_unicode_ci NOT NULL DEFAULT '0',
  `campaign_status_active` tinyint(1) NOT NULL DEFAULT '0',
  PRIMARY KEY (`campaign_status_id`)
) ENGINE=MyISAM AUTO_INCREMENT=5 DEFAULT CHARSET=utf8 COLLATE=utf8_unicode_ci;
/*!40101 SET character_set_client = @saved_cs_client */;

--
-- Dumping data for table `campaigns_status`
--

LOCK TABLES `campaigns_status` WRITE;
/*!40000 ALTER TABLE `campaigns_status` DISABLE KEYS */;
INSERT INTO `campaigns_status` VALUES (1,'#93caea',1),(2,'#c4c7c8',1),(3,'#464849',1),(4,'0',0);
/*!40000 ALTER TABLE `campaigns_status` ENABLE KEYS */;
UNLOCK TABLES;

--
-- Table structure for table `campaigns_steps`
--

DROP TABLE IF EXISTS `campaigns_steps`;
/*!40101 SET @saved_cs_client     = @@character_set_client */;
/*!40101 SET character_set_client = utf8 */;
CREATE TABLE `campaigns_steps` (
  `campaign_step_id` int(11) NOT NULL AUTO_INCREMENT,
  `campaign_step_active` tinyint(1) NOT NULL DEFAULT '0',
  PRIMARY KEY (`campaign_step_id`)
) ENGINE=MyISAM AUTO_INCREMENT=11 DEFAULT CHARSET=utf8 COLLATE=utf8_unicode_ci;
/*!40101 SET character_set_client = @saved_cs_client */;

--
-- Dumping data for table `campaigns_steps`
--

LOCK TABLES `campaigns_steps` WRITE;
/*!40000 ALTER TABLE `campaigns_steps` DISABLE KEYS */;
INSERT INTO `campaigns_steps` VALUES (1,1),(2,1),(3,1),(4,1),(5,1),(6,1),(10,1);
/*!40000 ALTER TABLE `campaigns_steps` ENABLE KEYS */;
UNLOCK TABLES;

--
-- Table structure for table `campaigns_steps_data`
--

DROP TABLE IF EXISTS `campaigns_steps_data`;
/*!40101 SET @saved_cs_client     = @@character_set_client */;
/*!40101 SET character_set_client = utf8 */;
CREATE TABLE `campaigns_steps_data` (
  `campaign_step_data_id` int(11) NOT NULL AUTO_INCREMENT,
  `campaign_id` int(11) NOT NULL,
  `campaign_step_id` int(11) NOT NULL,
  `campaign_step_date_start` date NOT NULL,
  `campaign_step_date_end` date NOT NULL,
  PRIMARY KEY (`campaign_step_data_id`)
) ENGINE=MyISAM AUTO_INCREMENT=404 DEFAULT CHARSET=utf8 COLLATE=utf8_unicode_ci;
/*!40101 SET character_set_client = @saved_cs_client */;

--
-- Dumping data for table `campaigns_steps_data`
--

LOCK TABLES `campaigns_steps_data` WRITE;
/*!40000 ALTER TABLE `campaigns_steps_data` DISABLE KEYS */;
INSERT INTO `campaigns_steps_data` VALUES (359,1,3,'2016-05-09','2016-05-11'),(358,1,2,'2016-05-02','2016-05-06'),(386,25,1,'2016-08-05','2016-08-19'),(387,25,2,'2016-08-19','2016-08-26'),(360,1,4,'2016-05-11','2016-05-13'),(361,1,5,'2016-05-13','2016-05-17'),(362,1,6,'2016-05-19','2016-06-22'),(400,2,3,'2016-05-02','2016-05-04'),(401,2,4,'2016-05-05','2016-05-09'),(402,2,5,'2016-05-09','2016-05-11'),(403,2,6,'2016-05-12','2016-06-15'),(370,5,1,'2016-06-03','2016-06-09'),(371,5,2,'2016-06-10','2016-06-13'),(372,5,3,'2016-06-15','2016-06-20'),(373,5,4,'2016-06-21','2016-06-24'),(374,5,5,'2016-06-27','2016-06-30'),(375,5,6,'2016-07-06','2016-08-04'),(388,25,3,'2016-08-26','2016-09-05'),(389,25,4,'2016-09-05','2016-09-19'),(390,26,1,'2016-07-13','2016-07-18'),(391,26,3,'2016-07-13','2016-07-18'),(392,26,4,'2016-07-18','2016-07-22'),(393,26,6,'2016-08-22','2016-09-15'),(394,27,3,'2016-07-06','2016-07-06'),(395,27,4,'2016-07-07','2016-07-07'),(396,28,3,'2016-07-05','2016-07-06'),(397,28,4,'2016-07-06','2016-07-07'),(399,29,4,'2016-07-05','2016-07-08');
/*!40000 ALTER TABLE `campaigns_steps_data` ENABLE KEYS */;
UNLOCK TABLES;

--
-- Table structure for table `campaigns_steps_types`
--

DROP TABLE IF EXISTS `campaigns_steps_types`;
/*!40101 SET @saved_cs_client     = @@character_set_client */;
/*!40101 SET character_set_client = utf8 */;
CREATE TABLE `campaigns_steps_types` (
  `campaign_step_type_id` int(11) NOT NULL AUTO_INCREMENT,
  `campaign_id` int(11) NOT NULL,
  `campaign_step_type` int(11) NOT NULL,
  `campaign_step_date_start` date NOT NULL,
  `campaign_step_date_end` date NOT NULL,
  PRIMARY KEY (`campaign_step_type_id`)
) ENGINE=MyISAM AUTO_INCREMENT=72 DEFAULT CHARSET=utf8 COLLATE=utf8_unicode_ci;
/*!40101 SET character_set_client = @saved_cs_client */;

--
-- Dumping data for table `campaigns_steps_types`
--

LOCK TABLES `campaigns_steps_types` WRITE;
/*!40000 ALTER TABLE `campaigns_steps_types` DISABLE KEYS */;
/*!40000 ALTER TABLE `campaigns_steps_types` ENABLE KEYS */;
UNLOCK TABLES;

--
-- Table structure for table `campaigns_types`
--

DROP TABLE IF EXISTS `campaigns_types`;
/*!40101 SET @saved_cs_client     = @@character_set_client */;
/*!40101 SET character_set_client = utf8 */;
CREATE TABLE `campaigns_types` (
  `campaign_type_id` int(11) NOT NULL AUTO_INCREMENT,
  `campaign_type_color` varchar(8) COLLATE utf8_unicode_ci NOT NULL DEFAULT '0',
  `campaign_type_active` tinyint(1) NOT NULL DEFAULT '0',
  PRIMARY KEY (`campaign_type_id`)
) ENGINE=MyISAM AUTO_INCREMENT=15 DEFAULT CHARSET=utf8 COLLATE=utf8_unicode_ci;
/*!40101 SET character_set_client = @saved_cs_client */;

--
-- Dumping data for table `campaigns_types`
--

LOCK TABLES `campaigns_types` WRITE;
/*!40000 ALTER TABLE `campaigns_types` DISABLE KEYS */;
INSERT INTO `campaigns_types` VALUES (1,'#1abc9c',1),(2,'#e74c3c',1),(3,'#f1c40f',1),(4,'#e67e22',1),(5,'#3498db',1),(6,'#1d506d',1),(7,'#9b59b6',1),(11,'#93caea',1),(12,'#c4c7c8',1),(13,'#464849',1),(14,'0',0);
/*!40000 ALTER TABLE `campaigns_types` ENABLE KEYS */;
UNLOCK TABLES;

--
-- Table structure for table `ci_sessions`
--

DROP TABLE IF EXISTS `ci_sessions`;
/*!40101 SET @saved_cs_client     = @@character_set_client */;
/*!40101 SET character_set_client = utf8 */;
CREATE TABLE `ci_sessions` (
  `session_id` varchar(40) COLLATE utf8_unicode_ci NOT NULL DEFAULT '0',
  `ip_address` varchar(45) COLLATE utf8_unicode_ci NOT NULL DEFAULT '0',
  `user_agent` varchar(120) COLLATE utf8_unicode_ci NOT NULL,
  `last_activity` int(10) unsigned NOT NULL DEFAULT '0',
  `user_data` text COLLATE utf8_unicode_ci NOT NULL,
  PRIMARY KEY (`session_id`),
  KEY `last_activity_idx` (`last_activity`)
) ENGINE=MyISAM DEFAULT CHARSET=utf8 COLLATE=utf8_unicode_ci;
/*!40101 SET character_set_client = @saved_cs_client */;

--
-- Dumping data for table `ci_sessions`
--

LOCK TABLES `ci_sessions` WRITE;
/*!40000 ALTER TABLE `ci_sessions` DISABLE KEYS */;
INSERT INTO `ci_sessions` VALUES ('3134eb5a4f0661fceeb6ce9177b3ace0','209.104.115.221','Mozilla/5.0 (Macintosh; Intel Mac OS X 10_10_5) AppleWebKit/601.7.7 (KHTML, like Gecko)',1469802835,''),('d9498eff06230d8bc6d9a28165071a70','209.104.115.221','Mozilla/5.0 (iPhone; CPU iPhone OS 9_3 like Mac OS X) AppleWebKit/601.1.46 (KHTML, like Gecko) Version/9.0 Mobile/13E188',1471016909,''),('f1189d62f281ae5f3cf77c6b16af58af','209.104.115.221','Mozilla/5.0 (Macintosh; Intel Mac OS X 10_10_5) AppleWebKit/601.7.7 (KHTML, like Gecko)',1471879689,''),('7da5ccf23643aea55b98543e01515d36','209.104.115.221','Mozilla/5.0 (iPhone; CPU iPhone OS 9_3 like Mac OS X) AppleWebKit/601.1.46 (KHTML, like Gecko) Version/9.0 Mobile/13E188',1471879689,''),('78e0237fc7cb6c4b27d726de1e9103ae','209.104.115.221','Mozilla/5.0 (Macintosh; Intel Mac OS X 10_8_5) AppleWebKit/600.6.3 (KHTML, like Gecko) Version/6.2.6 Safari/537.85.15',1471009850,''),('ec6dee64425659e1f594508d3fce01a6','209.104.115.221','Mozilla/5.0 (Macintosh; Intel Mac OS X 10_10_5) AppleWebKit/601.7.7 (KHTML, like Gecko)',1471016909,''),('27609320c6b5a187c53df88009305254','209.104.115.221','Mozilla/5.0 (iPhone; CPU iPhone OS 9_3 like Mac OS X) AppleWebKit/601.1.46 (KHTML, like Gecko) Version/9.0 Mobile/13E188',1470662142,''),('ee51054e4e6902d670c76cd8bc31075a','209.104.115.221','Mozilla/5.0 (iPhone; CPU iPhone OS 9_3 like Mac OS X) AppleWebKit/601.1.46 (KHTML, like Gecko) Version/9.0 Mobile/13E188',1470153604,''),('13ea6df27945cf88715699bb3e405608','209.104.115.221','Mozilla/5.0 (Macintosh; Intel Mac OS X 10_8_5) AppleWebKit/600.6.3 (KHTML, like Gecko) Version/6.2.6 Safari/537.85.15',1470240824,''),('fe1e07b75f40c64c9143e373b49a5d50','209.104.115.221','Mozilla/5.0 (Macintosh; Intel Mac OS X 10_10_5) AppleWebKit/601.7.7 (KHTML, like Gecko)',1470662142,''),('900ab23211b2bd35f2ffbd922bcba232','209.104.115.221','Mozilla/5.0 (Macintosh; Intel Mac OS X 10_10_5) AppleWebKit/601.7.7 (KHTML, like Gecko)',1470153604,''),('64000e421a520ff137497635f6ae240f','209.104.115.221','Mozilla/5.0 (Macintosh; Intel Mac OS X 10_8_5) AppleWebKit/600.6.3 (KHTML, like Gecko) Version/6.2.6 Safari/537.85.15',1470067141,''),('a3a5474b19c4d20732d81368e4da1def','209.104.115.221','Mozilla/5.0 (iPhone; CPU iPhone OS 9_3 like Mac OS X) AppleWebKit/601.1.46 (KHTML, like Gecko) Version/9.0 Mobile/13E188',1469802836,''),('e42e62daccb88f421bd30e0fdab32b9e','127.0.0.1','Mozilla/5.0 (Windows NT 6.1; WOW64; rv:47.0) Gecko/20100101 Firefox/47.0',1470064257,''),('7bc599c68ad1c3b6be9a10d6ca31d18a','209.104.115.221','Mozilla/5.0 (Windows NT 6.1; WOW64; rv:47.0) Gecko/20100101 Firefox/47.0',1470064441,'a:13:{s:9:\"user_data\";s:0:\"\";s:7:\"user_id\";s:2:\"15\";s:14:\"user_firstname\";s:3:\"ana\";s:13:\"user_lastname\";s:5:\"tello\";s:10:\"user_email\";s:29:\"ana.tello@tonikgroupimage.com\";s:15:\"user_permission\";s:1:\"2\";s:7:\"browser\";s:7:\"Firefox\";s:9:\"validated\";b:1;s:9:\"client_id\";s:1:\"1\";s:14:\"site_client_id\";s:1:\"9\";s:12:\"default_lang\";s:2:\"fr\";s:17:\"current_site_lang\";s:2:\"fr\";s:20:\"current_site_lang_id\";s:1:\"2\";}');
/*!40000 ALTER TABLE `ci_sessions` ENABLE KEYS */;
UNLOCK TABLES;

--
-- Table structure for table `toolbox_clients`
--

DROP TABLE IF EXISTS `toolbox_clients`;
/*!40101 SET @saved_cs_client     = @@character_set_client */;
/*!40101 SET character_set_client = utf8 */;
CREATE TABLE `toolbox_clients` (
  `client_id` int(11) NOT NULL AUTO_INCREMENT,
  `client_name` varchar(256) COLLATE utf8_unicode_ci NOT NULL,
  `client_logo` varchar(256) COLLATE utf8_unicode_ci NOT NULL,
  `client_primary_color` varchar(8) COLLATE utf8_unicode_ci NOT NULL,
  `client_secondary_color` varchar(8) COLLATE utf8_unicode_ci NOT NULL,
  `client_font_primary_color` varchar(8) COLLATE utf8_unicode_ci NOT NULL,
  `client_font_secondary_color` varchar(8) COLLATE utf8_unicode_ci NOT NULL,
  `client_active` tinyint(1) NOT NULL,
  `client_modified` timestamp NOT NULL DEFAULT CURRENT_TIMESTAMP,
  `client_created` timestamp NOT NULL DEFAULT '0000-00-00 00:00:00',
  PRIMARY KEY (`client_id`)
) ENGINE=MyISAM AUTO_INCREMENT=11 DEFAULT CHARSET=utf8 COLLATE=utf8_unicode_ci;
/*!40101 SET character_set_client = @saved_cs_client */;

--
-- Dumping data for table `toolbox_clients`
--

LOCK TABLES `toolbox_clients` WRITE;
/*!40000 ALTER TABLE `toolbox_clients` DISABLE KEYS */;
INSERT INTO `toolbox_clients` VALUES (1,'TGI','cp_logo.png','#1e3f65','#2b6cf4','#e8e138','#b65555',1,'0000-00-00 00:00:00','0000-00-00 00:00:00'),(9,'Metro','logo-fr.png','#ba5050','#5b3838','#d7aa2d','#5e9397',1,'2015-10-27 01:28:44','2015-10-27 01:28:44');
/*!40000 ALTER TABLE `toolbox_clients` ENABLE KEYS */;
UNLOCK TABLES;

--
-- Table structure for table `toolbox_clients_activities`
--

DROP TABLE IF EXISTS `toolbox_clients_activities`;
/*!40101 SET @saved_cs_client     = @@character_set_client */;
/*!40101 SET character_set_client = utf8 */;
CREATE TABLE `toolbox_clients_activities` (
  `user_id` int(11) NOT NULL,
  `ip_address` varchar(45) COLLATE utf8_unicode_ci NOT NULL,
  `user_agent` varchar(110) COLLATE utf8_unicode_ci NOT NULL,
  `browser` varchar(50) COLLATE utf8_unicode_ci NOT NULL,
  `session_id` varchar(40) COLLATE utf8_unicode_ci NOT NULL,
  `activity_date` datetime NOT NULL,
  PRIMARY KEY (`session_id`),
  KEY `user_id` (`user_id`),
  KEY `session_id` (`session_id`)
) ENGINE=MyISAM DEFAULT CHARSET=utf8 COLLATE=utf8_unicode_ci;
/*!40101 SET character_set_client = @saved_cs_client */;

--
-- Dumping data for table `toolbox_clients_activities`
--

LOCK TABLES `toolbox_clients_activities` WRITE;
/*!40000 ALTER TABLE `toolbox_clients_activities` DISABLE KEYS */;
/*!40000 ALTER TABLE `toolbox_clients_activities` ENABLE KEYS */;
UNLOCK TABLES;

--
-- Table structure for table `toolbox_cookies`
--

DROP TABLE IF EXISTS `toolbox_cookies`;
/*!40101 SET @saved_cs_client     = @@character_set_client */;
/*!40101 SET character_set_client = utf8 */;
CREATE TABLE `toolbox_cookies` (
  `cookie_id` int(11) NOT NULL AUTO_INCREMENT,
  `cookie_email` varchar(256) COLLATE utf8_unicode_ci NOT NULL,
  `cookie_hash` varchar(26) COLLATE utf8_unicode_ci NOT NULL,
  `cookie_user_active` tinyint(1) NOT NULL DEFAULT '0',
  `cookie_timestamp` timestamp NOT NULL DEFAULT CURRENT_TIMESTAMP,
  PRIMARY KEY (`cookie_id`),
  KEY `cookie_email` (`cookie_email`,`cookie_hash`)
) ENGINE=MyISAM AUTO_INCREMENT=215 DEFAULT CHARSET=utf8 COLLATE=utf8_unicode_ci;
/*!40101 SET character_set_client = @saved_cs_client */;

--
-- Dumping data for table `toolbox_cookies`
--

LOCK TABLES `toolbox_cookies` WRITE;
/*!40000 ALTER TABLE `toolbox_cookies` DISABLE KEYS */;
INSERT INTO `toolbox_cookies` VALUES (196,'skander.jabouzi@tonikgroupimage.com','8a86b77c8c27bf4eb8804c34e8',0,'2016-04-02 00:17:27'),(197,'skander.jabouzi@tonikgroupimage.com','d312951a9abac2e393fa6af8f7',0,'2016-04-02 00:41:33'),(200,'skander.jabouzi@tonikgroupimage.com','aa9d8365236a8957257badb268',0,'2016-04-03 23:34:20'),(207,'skander.jabouzi@tonikgroupimage.com','546724cf78963ff655751320e3',0,'2016-04-04 15:46:46');
/*!40000 ALTER TABLE `toolbox_cookies` ENABLE KEYS */;
UNLOCK TABLES;

--
-- Table structure for table `toolbox_languages`
--

DROP TABLE IF EXISTS `toolbox_languages`;
/*!40101 SET @saved_cs_client     = @@character_set_client */;
/*!40101 SET character_set_client = utf8 */;
CREATE TABLE `toolbox_languages` (
  `language_id` int(11) NOT NULL AUTO_INCREMENT,
  `language_name` varchar(100) COLLATE utf8_unicode_ci NOT NULL,
  `language_code` varchar(2) COLLATE utf8_unicode_ci NOT NULL,
  `language_default` tinyint(1) NOT NULL DEFAULT '0',
  `language_deleted` tinyint(1) NOT NULL DEFAULT '0',
  PRIMARY KEY (`language_id`)
) ENGINE=MyISAM AUTO_INCREMENT=5 DEFAULT CHARSET=utf8 COLLATE=utf8_unicode_ci;
/*!40101 SET character_set_client = @saved_cs_client */;

--
-- Dumping data for table `toolbox_languages`
--

LOCK TABLES `toolbox_languages` WRITE;
/*!40000 ALTER TABLE `toolbox_languages` DISABLE KEYS */;
INSERT INTO `toolbox_languages` VALUES (1,'English','en',0,0),(2,'Français','fr',1,0);
/*!40000 ALTER TABLE `toolbox_languages` ENABLE KEYS */;
UNLOCK TABLES;

--
-- Table structure for table `toolbox_permissions`
--

DROP TABLE IF EXISTS `toolbox_permissions`;
/*!40101 SET @saved_cs_client     = @@character_set_client */;
/*!40101 SET character_set_client = utf8 */;
CREATE TABLE `toolbox_permissions` (
  `permission_id` int(11) NOT NULL AUTO_INCREMENT,
  `permission_actions` text COLLATE utf8_unicode_ci NOT NULL,
  `permission_deleted` tinyint(1) NOT NULL DEFAULT '0',
  PRIMARY KEY (`permission_id`)
) ENGINE=MyISAM AUTO_INCREMENT=6 DEFAULT CHARSET=utf8 COLLATE=utf8_unicode_ci;
/*!40101 SET character_set_client = @saved_cs_client */;

--
-- Dumping data for table `toolbox_permissions`
--

LOCK TABLES `toolbox_permissions` WRITE;
/*!40000 ALTER TABLE `toolbox_permissions` DISABLE KEYS */;
INSERT INTO `toolbox_permissions` VALUES (1,'a:18:{i:0;s:12:\"analytic.add\";i:1;s:15:\"analytic.delete\";i:2;s:15:\"analytic.update\";i:3;s:10:\"client.add\";i:4;s:13:\"client.delete\";i:5;s:13:\"client.update\";i:6;s:12:\"language.add\";i:7;s:15:\"language.delete\";i:8;s:15:\"language.update\";i:9;s:14:\"permission.add\";i:10;s:17:\"permission.delete\";i:11;s:17:\"permission.update\";i:12;s:13:\"structure.add\";i:13;s:16:\"structure.delete\";i:14;s:16:\"structure.update\";i:15;s:8:\"user.add\";i:16;s:11:\"user.delete\";i:17;s:11:\"user.update\";}',1),(2,'a:12:{i:0;s:12:\"analytic.add\";i:1;s:15:\"analytic.delete\";i:2;s:15:\"analytic.update\";i:3;s:14:\"permission.add\";i:4;s:17:\"permission.delete\";i:5;s:17:\"permission.update\";i:6;s:13:\"structure.add\";i:7;s:16:\"structure.delete\";i:8;s:16:\"structure.update\";i:9;s:8:\"user.add\";i:10;s:11:\"user.delete\";i:11;s:11:\"user.update\";}',1),(3,'',1);
/*!40000 ALTER TABLE `toolbox_permissions` ENABLE KEYS */;
UNLOCK TABLES;

--
-- Table structure for table `toolbox_permissions_i18n`
--

DROP TABLE IF EXISTS `toolbox_permissions_i18n`;
/*!40101 SET @saved_cs_client     = @@character_set_client */;
/*!40101 SET character_set_client = utf8 */;
CREATE TABLE `toolbox_permissions_i18n` (
  `permission_id` int(11) NOT NULL,
  `admin_language_code` varchar(2) COLLATE utf8_unicode_ci NOT NULL,
  `permission_name` varchar(100) COLLATE utf8_unicode_ci NOT NULL,
  PRIMARY KEY (`permission_id`,`admin_language_code`),
  KEY `permission_id` (`permission_id`),
  KEY `permission_name` (`permission_name`)
) ENGINE=MyISAM DEFAULT CHARSET=utf8 COLLATE=utf8_unicode_ci;
/*!40101 SET character_set_client = @saved_cs_client */;

--
-- Dumping data for table `toolbox_permissions_i18n`
--

LOCK TABLES `toolbox_permissions_i18n` WRITE;
/*!40000 ALTER TABLE `toolbox_permissions_i18n` DISABLE KEYS */;
INSERT INTO `toolbox_permissions_i18n` VALUES (1,'en','Super admin'),(2,'en','Admin'),(3,'en','User'),(1,'fr','Super admin'),(2,'fr','Admin'),(3,'fr','Utilisateur'),(1,'ar',''),(2,'ar',''),(3,'ar',''),(1,'es',''),(2,'es',''),(3,'es','');
/*!40000 ALTER TABLE `toolbox_permissions_i18n` ENABLE KEYS */;
UNLOCK TABLES;

--
-- Table structure for table `toolbox_users`
--

DROP TABLE IF EXISTS `toolbox_users`;
/*!40101 SET @saved_cs_client     = @@character_set_client */;
/*!40101 SET character_set_client = utf8 */;
CREATE TABLE `toolbox_users` (
  `user_id` int(11) NOT NULL AUTO_INCREMENT,
  `client_id` int(11) NOT NULL,
  `user_type` varchar(60) COLLATE utf8_unicode_ci NOT NULL,
  `user_firstname` varchar(60) COLLATE utf8_unicode_ci NOT NULL DEFAULT '',
  `user_lastname` varchar(60) COLLATE utf8_unicode_ci NOT NULL DEFAULT '',
  `user_email` varchar(256) COLLATE utf8_unicode_ci NOT NULL,
  `user_password` varchar(256) COLLATE utf8_unicode_ci NOT NULL,
  `user_permission` tinyint(2) NOT NULL DEFAULT '0',
  `user_active` tinyint(1) NOT NULL DEFAULT '0' COMMENT 'Use bit for yes or no data',
  `user_deleted` tinyint(1) NOT NULL DEFAULT '0',
  `user_created` timestamp NOT NULL DEFAULT '0000-00-00 00:00:00',
  `user_modified` timestamp NOT NULL DEFAULT CURRENT_TIMESTAMP,
  PRIMARY KEY (`user_id`),
  UNIQUE KEY `user_email` (`user_email`),
  KEY `user_permissions` (`user_permission`)
) ENGINE=MyISAM AUTO_INCREMENT=31 DEFAULT CHARSET=utf8 COLLATE=utf8_unicode_ci;
/*!40101 SET character_set_client = @saved_cs_client */;

--
-- Dumping data for table `toolbox_users`
--

LOCK TABLES `toolbox_users` WRITE;
/*!40000 ALTER TABLE `toolbox_users` DISABLE KEYS */;
INSERT INTO `toolbox_users` VALUES (1,1,'','Skander','Jabouzi','skander.jabouzi@tonikgroupimage.com','WonwM7CSAq6s0gvb1+/x/WxgSi0tlbTKaFok5HLjvl7P1nvp1t5VwYH9moMgk/ON7N2RhMtg27MeVMl7ZipmvA==',1,1,0,'2014-01-02 12:12:10','2014-01-02 12:37:29'),(12,1,'','Hugo','Carranza','hugo.carranza@tonikgroupimage.com','SVki9RWarAY7buCBt7hv6WJWARfVDDn4QIrBYdhkGNqZmkls574s3M5JbRebT3wTsvjsiY7NjvZMxUzD8Rvwug==',2,1,0,'2015-09-23 16:17:51','2015-09-23 16:17:51'),(13,1,'','Marc-André','De Guire','marc-andre.deguire@tonikgroupimage.com','BFfdZ15XlC5UoqydIroAH7UBm/++O+SDiFHH8qxKhtR1T7PYjRB70KC8v+yc0Y9EELFyZy3IFmRZ1Qgg36Vilw==',2,1,0,'2015-09-23 16:18:27','2015-09-23 16:18:27'),(15,1,'','ana','tello','ana.tello@tonikgroupimage.com','+TfRF+qJNcSF8eaOogN3/d7iF5h3k1nggihZ4NTyIBhJxA1OodFmps8UWDqxJE7VkrU2H0U+XbGb57o7h3T5qQ==',2,1,0,'2015-10-22 15:37:24','2015-10-22 15:37:24'),(17,9,'','David','Carranza','kinghdc@hotmail.com','SVki9RWarAY7buCBt7hv6WJWARfVDDn4QIrBYdhkGNqZmkls574s3M5JbRebT3wTsvjsiY7NjvZMxUzD8Rvwug==',1,1,0,'2015-10-28 23:02:51','2015-10-28 23:03:08'),(18,1,'','Jean-francois','Lalonde','test@test.com','VrhTtjaegQfCPI5EuTPptbIj/e4IjymgqefaXI1/Tm3NZbm0KvEMIr0zV3XzL6Pcmm4iVh6GNKlct41c593Mig==',2,1,0,'2015-11-03 01:47:25','2015-11-03 01:47:58'),(19,1,'','Justine','Roberge','justine.roberge@tonikgroupimage.com','1N7EFSyVM3QLOe41q+Z71JFFmELS8cSQx/mM5dq0c/a93GdgCRatc7W+ABsY+X5jJXmbTbWXXjboC7TNoR6eKA==',2,1,0,'2015-11-12 15:09:50','2015-11-12 15:09:50'),(20,1,'','Anie','Lepine','anie.lepine@tonikgroupimage.com','XBw2LZvQ31nIFPnEaYMPL8uyB9u+mtLmK79nAEdk4mfl7cTeOMzDXeIURur0keF2lZlVHoFdr6KtddMxomQDRg==',1,1,0,'2015-11-12 15:11:36','2015-11-12 15:11:36'),(21,1,'','Marc','Desvarieux','marc.desvarieux@tonikgroupimage.com','/A9wpRosD4B2ZA//24y9ZeHRcJ5tQx+NgU6prnkmvY9oyyMan3GOSG8B9dCu1DW9beKd23xgeCF4FcfhwzROVQ==',1,1,0,'2016-03-21 14:35:01','2016-03-21 14:33:43'),(23,1,'','user','user','user@tonikgroupimage.com','wH2RXHhNxPRVLY4QlD/dd02inkBcWK+XLVP7kTlkRPmKL0AN8jbKZP0Z+wH39yKak1bNoEgomF4zAPLJWiR/3Q==',3,1,0,'2016-04-05 16:56:57','2016-04-05 16:55:07'),(24,1,'','admin','admin','admin@tonikgroupimage.com','Wbl0qPutlZJSt6sXuJnEnWgQ7dlZwiScGz91l0b4vzWh/rNIyYuzmhTT8EUo/rEaYwweLSTeTRu2TTOT2H9oiw==',2,1,0,'2016-04-05 17:00:12','2016-04-05 16:58:17'),(25,1,'','superadmin','superadmin','superadmin@tonikgroupimage.com','Xl7ieKqSidTbl4d0Lo3KHr2UP+tfrcQGhcxFhaTCgTBo45PrmzX3aXWAcavv/aSUBECzPDvkAaNBVwJzwAc/zw==',1,1,0,'2016-04-05 17:00:41','2016-04-05 16:58:44'),(28,1,'','Sophie','Beauchemin','sophie.beauchemin@tonikgroupimage.com','eLKYKiTQP0DxzCwy57IktS6Y5DSROHaIMkkHmI3lD4RHGPDGI+w1vT/SbKmlB6pUGfbhubUveTctvfK17TUaJA==',1,1,0,'2016-05-31 15:48:30','2016-05-31 15:44:51'),(29,1,'','Fannie','Theroux','fannie.theroux@tonikgroupimage.com','02tuAQXY7FQ1HVUzC5xzc5auKWejpkFhyBE1VivftAjUAHBgHo/tooppQKK5/OKJ3BUGOyaw0kRNCNmKcIcGRw==',1,1,0,'2016-05-31 15:56:56','2016-05-31 15:53:18'),(30,1,'','Tanya','Machado','tanya.machado@tonikgroupimage.com','Fp6dB3BqKmLL5kOZlDM+IAJoKoL7QN5dU2FNY2Ej6UfRMUsJjCosCEHoULz02fxgO5aog1UewV0hyRr6NVffRQ==',1,1,0,'2016-05-31 15:58:54','2016-05-31 15:55:15');
/*!40000 ALTER TABLE `toolbox_users` ENABLE KEYS */;
UNLOCK TABLES;

--
-- Table structure for table `toolbox_users_activities`
--

DROP TABLE IF EXISTS `toolbox_users_activities`;
/*!40101 SET @saved_cs_client     = @@character_set_client */;
/*!40101 SET character_set_client = utf8 */;
CREATE TABLE `toolbox_users_activities` (
  `user_id` int(11) NOT NULL,
  `ip_address` varchar(45) COLLATE utf8_unicode_ci NOT NULL,
  `user_agent` varchar(110) COLLATE utf8_unicode_ci NOT NULL,
  `browser` varchar(50) COLLATE utf8_unicode_ci NOT NULL,
  `session_id` varchar(40) COLLATE utf8_unicode_ci NOT NULL,
  `activity_date` datetime NOT NULL,
  PRIMARY KEY (`session_id`),
  KEY `user_id` (`user_id`),
  KEY `session_id` (`session_id`)
) ENGINE=MyISAM DEFAULT CHARSET=utf8 COLLATE=utf8_unicode_ci;
/*!40101 SET character_set_client = @saved_cs_client */;

--
-- Dumping data for table `toolbox_users_activities`
--

LOCK TABLES `toolbox_users_activities` WRITE;
/*!40000 ALTER TABLE `toolbox_users_activities` DISABLE KEYS */;
INSERT INTO `toolbox_users_activities` VALUES (1,'127.0.0.1','Mozilla/5.0 (X11; Ubuntu; Linux x86_64; rv:40.0) Gecko/20100101 Firefox/40.0','Firefox','c2e785b781de2c330b594608323dc76f','2015-09-21 13:30:19'),(1,'127.0.0.1','Mozilla/5.0 (X11; Ubuntu; Linux x86_64; rv:40.0) Gecko/20100101 Firefox/40.0','Firefox','c368d6feb40f18480c7d59dbd8cf201e','2015-09-21 13:31:01'),(1,'127.0.0.1','Mozilla/5.0 (X11; Ubuntu; Linux x86_64; rv:40.0) Gecko/20100101 Firefox/40.0','Firefox','9d3613ce11228bf52de1af32a4255130','2015-09-21 13:31:04'),(1,'127.0.0.1','Mozilla/5.0 (X11; Ubuntu; Linux x86_64; rv:40.0) Gecko/20100101 Firefox/40.0','Firefox','68d033de0ba5ea3538fb3713a471addf','2015-09-21 14:10:55'),(1,'127.0.0.1','Mozilla/5.0 (X11; Ubuntu; Linux x86_64; rv:40.0) Gecko/20100101 Firefox/40.0','Firefox','0b5b4e92d1f3fed06c010c11c9ac5ccc','2015-09-22 09:17:56'),(1,'127.0.0.1','Mozilla/5.0 (X11; Ubuntu; Linux x86_64; rv:40.0) Gecko/20100101 Firefox/40.0','Firefox','ddc383d65baf24af02f6111c290d977c','2015-09-22 09:35:16'),(1,'127.0.0.1','Mozilla/5.0 (X11; Ubuntu; Linux x86_64; rv:40.0) Gecko/20100101 Firefox/40.0','Firefox','2a76c741931056f96079203de03710f7','2015-09-22 12:51:05'),(1,'127.0.0.1','Mozilla/5.0 (X11; Ubuntu; Linux x86_64; rv:40.0) Gecko/20100101 Firefox/40.0','Firefox','70bc9f0ee90ab956b3e3f65397066a5f','2015-09-22 15:12:17'),(1,'127.0.0.1','Mozilla/5.0 (X11; Ubuntu; Linux x86_64; rv:40.0) Gecko/20100101 Firefox/40.0','Firefox','35e4d2c75ab6d257e6d150497bd3b504','2015-09-22 15:52:42'),(1,'127.0.0.1','Mozilla/5.0 (X11; Ubuntu; Linux x86_64; rv:40.0) Gecko/20100101 Firefox/40.0','Firefox','f2c82b290a7528fc206cbf2f9a26d1f0','2015-09-22 15:55:27'),(1,'127.0.0.1','Mozilla/5.0 (X11; Ubuntu; Linux x86_64; rv:40.0) Gecko/20100101 Firefox/40.0','Firefox','f592d3425f9b6bb063c1d92651af5eed','2015-09-22 15:56:42'),(1,'127.0.0.1','Mozilla/5.0 (X11; Ubuntu; Linux x86_64; rv:40.0) Gecko/20100101 Firefox/40.0','Firefox','b873357b1b8810d2d5e23c58cb236eeb','2015-09-22 16:23:24'),(1,'127.0.0.1','Mozilla/5.0 (X11; Ubuntu; Linux x86_64; rv:40.0) Gecko/20100101 Firefox/40.0','Firefox','2b179c9d6ffa66887387d7658312ce88','2015-09-22 16:43:42'),(1,'127.0.0.1','Mozilla/5.0 (X11; Ubuntu; Linux x86_64; rv:40.0) Gecko/20100101 Firefox/40.0','Firefox','fce7a3be0bc56eaf3f4eb98e1230673c','2015-09-22 16:49:24'),(1,'127.0.0.1','Mozilla/5.0 (X11; Ubuntu; Linux x86_64; rv:40.0) Gecko/20100101 Firefox/40.0','Firefox','1b3a0daa3603548cfec1b00a5b67353c','2015-09-22 16:49:27'),(1,'127.0.0.1','Mozilla/5.0 (X11; Ubuntu; Linux x86_64; rv:40.0) Gecko/20100101 Firefox/40.0','Firefox','5b5fedce54166f6c5b50d9c3d319eaf9','2015-09-22 16:49:49'),(1,'209.104.115.221','Mozilla/5.0 (X11; Ubuntu; Linux x86_64; rv:40.0) Gecko/20100101 Firefox/40.0','Firefox','6660186e1eb519dce0e05c7ecc24ea30','2015-09-22 16:49:05'),(1,'127.0.0.1','Mozilla/5.0 (X11; Ubuntu; Linux x86_64; rv:40.0) Gecko/20100101 Firefox/40.0','Firefox','db288bcba4ab06129905908b3078b87e','2015-09-23 08:29:50'),(1,'209.104.115.221','Mozilla/5.0 (X11; Ubuntu; Linux x86_64; rv:40.0) Gecko/20100101 Firefox/40.0','Firefox','7c97d5d6bc5e4f6532637dc2e70943dd','2015-09-23 09:53:16'),(13,'209.104.115.221','Mozilla/5.0 (Macintosh; Intel Mac OS X 10_10_5) AppleWebKit/600.8.9 (KHTML, like Gecko) Version/8.0.8 Safari/6','Safari','05d30a8363ece76988c6ad2cf06c82b9','2015-09-23 12:19:05'),(1,'209.104.115.221','Mozilla/5.0 (X11; Ubuntu; Linux x86_64; rv:40.0) Gecko/20100101 Firefox/40.0','Firefox','3134a032f477961e302736b861a305b6','2015-09-23 12:22:08'),(12,'209.104.115.221','Mozilla/5.0 (Windows NT 6.1; WOW64; Trident/7.0; rv:11.0) like Gecko','Mozilla','54400efcdd1a4ca90dae2b73f47e3f03','2015-09-23 12:27:30'),(12,'209.104.115.221','Mozilla/5.0 (Windows NT 6.1; WOW64; Trident/7.0; rv:11.0) like Gecko','Mozilla','d54f458b7879f88592abe61b3b2533c4','2015-09-23 12:28:25'),(1,'127.0.0.1','Mozilla/5.0 (X11; Ubuntu; Linux x86_64; rv:40.0) Gecko/20100101 Firefox/40.0','Firefox','7348d69295247caafdf6cbc2e2dc95f6','2015-09-23 14:53:03'),(14,'127.0.0.1','Mozilla/5.0 (X11; Ubuntu; Linux x86_64; rv:40.0) Gecko/20100101 Firefox/40.0','Firefox','c2476f2135a548fc82e320415e3ee3d2','2015-09-23 15:36:47'),(1,'209.104.115.221','Mozilla/5.0 (X11; Ubuntu; Linux x86_64; rv:40.0) Gecko/20100101 Firefox/40.0','Firefox','bbf620bbb37501a41357690f1908fc1f','2015-09-23 16:04:44'),(1,'209.104.115.221','Mozilla/5.0 (X11; Linux x86_64) AppleWebKit/537.36 (KHTML, like Gecko) Ubuntu Chromium/44.0.2403.89 Chrome/44.','Chrome','f949741deb9f8bb22663e0ba20cb7a38','2015-09-23 16:43:33'),(12,'209.104.115.221','Mozilla/5.0 (Windows NT 6.1; WOW64; Trident/7.0; rv:11.0) like Gecko','Mozilla','17808d13749ff3bad81f18965c00598d','2015-09-23 18:05:35'),(1,'209.104.115.221','Mozilla/5.0 (X11; Linux x86_64) AppleWebKit/537.36 (KHTML, like Gecko) Ubuntu Chromium/44.0.2403.89 Chrome/44.','Chrome','09225413b570e9cd413c4b581e3bd2b1','2015-09-24 10:20:01'),(1,'127.0.0.1','Mozilla/5.0 (X11; Ubuntu; Linux x86_64; rv:40.0) Gecko/20100101 Firefox/40.0','Firefox','77fb31f1d188f26faa337306df36c42b','2015-09-24 10:20:41'),(1,'127.0.0.1','Mozilla/5.0 (X11; Linux x86_64) AppleWebKit/537.36 (KHTML, like Gecko) Chrome/45.0.2454.99 Safari/537.36','Chrome','c96d7dc9a5154f0b2f02f41a1cee890a','2015-09-24 11:04:29'),(1,'127.0.0.1','Mozilla/5.0 (X11; Ubuntu; Linux x86_64; rv:41.0) Gecko/20100101 Firefox/41.0','Firefox','c4850fa4ff71911ee33544a9f03c6cf8','2015-10-19 14:41:23'),(12,'209.104.115.221','Mozilla/5.0 (Windows NT 6.1; WOW64; Trident/7.0; rv:11.0) like Gecko','Mozilla','c93beaffbb6a39b9acfc1a07f1cca566','2015-10-19 16:20:27'),(1,'209.104.115.221','Mozilla/5.0 (X11; Ubuntu; Linux x86_64; rv:41.0) Gecko/20100101 Firefox/41.0','Firefox','e82c1ddbc2f983c77dbd58eef7be6a46','2015-10-20 12:43:58'),(1,'209.104.115.221','Mozilla/5.0 (X11; Ubuntu; Linux x86_64; rv:41.0) Gecko/20100101 Firefox/41.0','Firefox','67fee3e8e82a760ee1b9ff7c1b7d2fe7','2015-10-20 12:44:47'),(1,'127.0.0.1','Mozilla/5.0 (X11; Ubuntu; Linux x86_64; rv:41.0) Gecko/20100101 Firefox/41.0','Firefox','d40f52b0a62e7d0828c53a0cde103430','2015-10-20 12:45:27'),(1,'209.104.115.221','Mozilla/5.0 (Windows NT 6.1; WOW64; Trident/7.0; rv:11.0) like Gecko','Mozilla','c3cf7cc64802b964805d33bac770638c','2015-10-21 11:06:03'),(1,'127.0.0.1','Mozilla/5.0 (X11; Ubuntu; Linux x86_64; rv:41.0) Gecko/20100101 Firefox/41.0','Firefox','63121efb610b4ab411e823018ba2f7f9','2015-10-21 15:40:39'),(12,'209.104.115.221','Mozilla/5.0 (Windows NT 6.1; WOW64; Trident/7.0; rv:11.0) like Gecko','Mozilla','d158db6d46019948152ffdfbed56d1d3','2015-10-22 11:29:07'),(12,'209.104.115.221','Mozilla/5.0 (Windows NT 6.1; WOW64; Trident/7.0; rv:11.0) like Gecko','Mozilla','9183f757cb9643e6a5bfaed3ebe6f67c','2015-10-22 11:34:29'),(15,'209.104.115.221','Mozilla/5.0 (Windows NT 6.1; WOW64; Trident/7.0; rv:11.0) like Gecko','Mozilla','d9618eb85dcfed6ad14c2c7bbc081f20','2015-10-22 11:37:33'),(1,'127.0.0.1','Mozilla/5.0 (X11; Ubuntu; Linux x86_64; rv:41.0) Gecko/20100101 Firefox/41.0','Firefox','567ce49f90cc4c9700476970c03c22f9','2015-10-23 10:38:12'),(12,'127.0.0.1','Mozilla/5.0 (Windows NT 6.1; WOW64; Trident/7.0; rv:11.0) like Gecko','Mozilla','1154121cce94279591a6743cb0505428','2015-10-25 00:33:34'),(12,'127.0.0.1','Mozilla/5.0 (Windows NT 6.1; WOW64; Trident/7.0; rv:11.0) like Gecko','Mozilla','1f5fe89c468656a9be967464ff40b131','2015-10-25 23:57:54'),(12,'127.0.0.1','Mozilla/5.0 (Windows NT 6.1; WOW64; Trident/7.0; rv:11.0) like Gecko','Mozilla','9841195e430f5104afafa8596538f823','2015-10-26 00:53:47'),(15,'209.104.115.221','Mozilla/5.0 (Windows NT 6.1; WOW64; rv:41.0) Gecko/20100101 Firefox/41.0','Firefox','2f79d10e17e65f996634de95485def74','2015-10-26 09:48:56'),(15,'209.104.115.221','Mozilla/5.0 (Windows NT 6.1; WOW64; rv:41.0) Gecko/20100101 Firefox/41.0','Firefox','be60818f7a6179927afdc5f0eb195999','2015-10-26 09:53:41'),(12,'127.0.0.1','Mozilla/5.0 (Windows NT 6.1; WOW64; Trident/7.0; rv:11.0) like Gecko','Mozilla','0fee5b5125f634cc5a9f7940dcfff216','2015-10-26 10:47:44'),(1,'127.0.0.1','Mozilla/5.0 (X11; Ubuntu; Linux x86_64; rv:41.0) Gecko/20100101 Firefox/41.0','Firefox','10c2be550b0ee11013309ef225cb6257','2015-10-26 13:26:31'),(12,'127.0.0.1','Mozilla/5.0 (Windows NT 6.1; WOW64; Trident/7.0; rv:11.0) like Gecko','Mozilla','a63ca75d5920bca91f5ef02be910908f','2015-10-26 13:44:21'),(12,'127.0.0.1','Mozilla/5.0 (Windows NT 6.1; WOW64; Trident/7.0; rv:11.0) like Gecko','Mozilla','f4f86ed8cb7b9d529b600bc1d8c0d38c','2015-10-26 16:55:08'),(12,'127.0.0.1','Mozilla/5.0 (Windows NT 6.1; WOW64; Trident/7.0; rv:11.0) like Gecko','Mozilla','5897f0be09722e2ada815bc05870f043','2015-10-26 19:44:49'),(1,'127.0.0.1','Mozilla/5.0 (X11; Ubuntu; Linux x86_64; rv:41.0) Gecko/20100101 Firefox/41.0','Firefox','a1da7b2e97c672888258005937713a70','2015-10-27 15:30:33'),(1,'127.0.0.1','Mozilla/5.0 (X11; Ubuntu; Linux x86_64; rv:41.0) Gecko/20100101 Firefox/41.0','Firefox','264174c8c3b745e43128aea41f600b3e','2015-10-27 15:33:41'),(12,'127.0.0.1','Mozilla/5.0 (Windows NT 6.1; WOW64; Trident/7.0; rv:11.0) like Gecko','Mozilla','44f5b3ec2eef4648d09c0b647c957ced','2015-10-28 09:04:46'),(12,'127.0.0.1','Mozilla/5.0 (Windows NT 6.1; WOW64; Trident/7.0; rv:11.0) like Gecko','Mozilla','fe6c085572649a5526e1f74b9d881c8e','2015-10-30 17:05:10'),(12,'127.0.0.1','Mozilla/5.0 (Windows NT 6.1; WOW64; Trident/7.0; rv:11.0) like Gecko','Mozilla','be4bbeffa7c5077c0661804cb6fc1d5f','2015-11-02 13:30:00'),(12,'127.0.0.1','Mozilla/5.0 (Windows NT 6.1; WOW64; Trident/7.0; rv:11.0) like Gecko','Mozilla','a271d55f5a4cbb18add73ad9384adbeb','2015-11-02 13:31:27'),(15,'127.0.0.1','Mozilla/5.0 (Windows NT 6.1; WOW64) AppleWebKit/537.36 (KHTML, like Gecko) Chrome/46.0.2490.80 Safari/537.36','Chrome','6d62273c5e46a426f01d9f151b86350c','2015-11-02 18:44:12'),(12,'127.0.0.1','Mozilla/5.0 (Windows NT 6.1; WOW64; Trident/7.0; rv:11.0) like Gecko','Mozilla','a04196377d140595a5eca52d180e0a61','2015-11-02 16:47:29'),(12,'127.0.0.1','Mozilla/5.0 (Windows NT 6.1; WOW64; Trident/7.0; rv:11.0) like Gecko','Mozilla','430f45c60df0ea427e8eb7fc46aa891e','2015-11-02 16:47:48'),(12,'127.0.0.1','Mozilla/5.0 (Windows NT 6.1; WOW64; Trident/7.0; rv:11.0) like Gecko','Mozilla','ca8c750e6475b02b137f9d12b99862ab','2015-11-02 17:00:40'),(12,'127.0.0.1','Mozilla/5.0 (Windows NT 6.1; WOW64; Trident/7.0; rv:11.0) like Gecko','Mozilla','c9155d4f3b678a0054d7f463dcb17d6f','2015-11-02 17:05:58'),(12,'209.104.115.221','Mozilla/5.0 (Windows NT 6.1; WOW64; Trident/7.0; rv:11.0) like Gecko','Mozilla','36caedfd6e87b72309d5db095098ba71','2015-11-02 17:16:13'),(12,'209.104.115.221','Mozilla/5.0 (Windows NT 6.1; WOW64; Trident/7.0; rv:11.0) like Gecko','Mozilla','d2a8702d5c99d535e84e88d6ba4a26fc','2015-11-02 17:18:23'),(12,'209.104.115.221','Mozilla/5.0 (Windows NT 6.1; WOW64; Trident/7.0; rv:11.0) like Gecko','Mozilla','9e32fda11e7fed52be0de72bad65aaf5','2015-11-02 17:19:17'),(12,'209.104.115.221','Mozilla/5.0 (Windows NT 6.1; WOW64; Trident/7.0; rv:11.0) like Gecko','Mozilla','3f23d78c394f26e86c301035b0dd8b24','2015-11-02 17:19:26'),(12,'209.104.115.221','Mozilla/5.0 (Windows NT 6.1; WOW64; Trident/7.0; rv:11.0) like Gecko','Mozilla','119c021ea764e9e17bbacb694e182856','2015-11-02 17:21:08'),(12,'209.104.115.221','Mozilla/5.0 (Windows NT 6.1; WOW64; Trident/7.0; rv:11.0) like Gecko','Mozilla','c7e06961e63e7a3aecec9d4f5b4d8191','2015-11-02 17:22:54'),(12,'209.104.115.221','Mozilla/5.0 (Windows NT 6.1; WOW64; Trident/7.0; rv:11.0) like Gecko','Mozilla','f0aa589e7ba9fcc4a2fa8fda48850bbd','2015-11-02 17:23:07'),(12,'209.104.115.221','Mozilla/5.0 (Windows NT 6.1; WOW64; Trident/7.0; rv:11.0) like Gecko','Mozilla','f8c1fbce93452b8262624a26989e590f','2015-11-02 17:33:10'),(12,'209.104.115.221','Mozilla/5.0 (Windows NT 6.1; WOW64; Trident/7.0; rv:11.0) like Gecko','Mozilla','dc05139dd9550ab83672496b7eec6c19','2015-11-02 17:38:27'),(12,'209.104.115.221','Mozilla/5.0 (Windows NT 6.1; WOW64; Trident/7.0; rv:11.0) like Gecko','Mozilla','ba584b8fa2b3cab44eb6bf8b02c197df','2015-11-02 18:39:41'),(17,'127.0.0.1','Mozilla/5.0 (Windows NT 6.1; WOW64; Trident/7.0; rv:11.0) like Gecko','Mozilla','20d867660998a514b1df1ab5e7bbf7db','2015-11-02 18:46:16'),(17,'127.0.0.1','Mozilla/5.0 (Windows NT 6.1; WOW64; Trident/7.0; rv:11.0) like Gecko','Mozilla','5df25a825b01fce4c8abb1de11707454','2015-11-02 18:47:49'),(17,'127.0.0.1','Mozilla/5.0 (Windows NT 6.1; WOW64; Trident/7.0; rv:11.0) like Gecko','Mozilla','9e976d362f0ffae6e125f1cf2e739e86','2015-11-02 18:48:42'),(17,'127.0.0.1','Mozilla/5.0 (Windows NT 6.1; WOW64; Trident/7.0; rv:11.0) like Gecko','Mozilla','85f478fd802d6e490e26e680aa7cdaff','2015-11-02 18:50:03'),(12,'127.0.0.1','Mozilla/5.0 (Windows NT 6.1; WOW64; Trident/7.0; rv:11.0) like Gecko','Mozilla','f30a5bfebb1d7dab6a225a4c7d03606a','2015-11-02 18:50:09'),(12,'127.0.0.1','Mozilla/5.0 (Windows NT 6.1; WOW64; Trident/7.0; rv:11.0) like Gecko','Mozilla','d4057802058fd3dff1bebd13a6d3a230','2015-11-02 18:50:27'),(12,'127.0.0.1','Mozilla/5.0 (Windows NT 6.1; WOW64; Trident/7.0; rv:11.0) like Gecko','Mozilla','90e57903524eb6bbe186786e78f587c7','2015-11-02 18:50:48'),(12,'127.0.0.1','Mozilla/5.0 (Windows NT 6.1; WOW64; Trident/7.0; rv:11.0) like Gecko','Mozilla','1797ed67a3704d5c2ed636f9282a485c','2015-11-02 18:50:57'),(17,'127.0.0.1','Mozilla/5.0 (Windows NT 6.1; WOW64; Trident/7.0; rv:11.0) like Gecko','Mozilla','43795a4bc318efffc5021065c815372a','2015-11-02 18:51:09'),(12,'127.0.0.1','Mozilla/5.0 (Windows NT 6.1; WOW64; Trident/7.0; rv:11.0) like Gecko','Mozilla','561a45576355b933ea2ca854af51f6bd','2015-11-02 18:51:17'),(17,'127.0.0.1','Mozilla/5.0 (Windows NT 6.1; WOW64; Trident/7.0; rv:11.0) like Gecko','Mozilla','ace2aaec131a6225471365f0ced1e414','2015-11-02 18:51:33'),(12,'209.104.115.221','Mozilla/5.0 (Windows NT 6.1; WOW64; Trident/7.0; rv:11.0) like Gecko','Mozilla','0d70b26b6c44a8947f563079f0294b5d','2015-11-02 18:55:06'),(17,'209.104.115.221','Mozilla/5.0 (Windows NT 6.1; WOW64; Trident/7.0; rv:11.0) like Gecko','Mozilla','52b532e811ba7235ee93689e30f05885','2015-11-02 18:55:14'),(12,'209.104.115.221','Mozilla/5.0 (Windows NT 6.1; WOW64; Trident/7.0; rv:11.0) like Gecko','Mozilla','763ac12aeaa0ee8ca6c367499c4c0680','2015-11-02 18:55:37'),(12,'209.104.115.221','Mozilla/5.0 (Windows NT 6.1; WOW64; Trident/7.0; rv:11.0) like Gecko','Mozilla','3aa0f7f1918de0dfbef1b4bc40112d35','2015-11-02 18:55:49'),(12,'209.104.115.221','Mozilla/5.0 (Windows NT 6.1; WOW64; Trident/7.0; rv:11.0) like Gecko','Mozilla','fb462bfa229e1f09bb444e231a568b4a','2015-11-02 18:56:08'),(17,'209.104.115.221','Mozilla/5.0 (Windows NT 6.1; WOW64; Trident/7.0; rv:11.0) like Gecko','Mozilla','8f8621a26a561623901bf2984d2745c1','2015-11-02 18:56:22'),(17,'127.0.0.1','Mozilla/5.0 (Windows NT 6.1; WOW64; Trident/7.0; rv:11.0) like Gecko','Mozilla','ab1d3289de54e946841b5bff078d1651','2015-11-02 18:53:25'),(17,'127.0.0.1','Mozilla/5.0 (Windows NT 6.1; WOW64; Trident/7.0; rv:11.0) like Gecko','Mozilla','fccb92f3552635eb723c3dce612faaaf','2015-11-02 19:37:55'),(12,'127.0.0.1','Mozilla/5.0 (Windows NT 6.1; WOW64; Trident/7.0; rv:11.0) like Gecko','Mozilla','161e08b74e219b1f98d58dfc3f83803c','2015-11-02 19:38:09'),(17,'127.0.0.1','Mozilla/5.0 (Windows NT 6.1; WOW64; Trident/7.0; rv:11.0) like Gecko','Mozilla','b0754e4587b41610c4cd676083373130','2015-11-02 19:38:16'),(15,'127.0.0.1','Mozilla/5.0 (Windows NT 6.1; WOW64; rv:41.0) Gecko/20100101 Firefox/41.0','Firefox','b320b37f548fba851bd0b5ae45cbb8e9','2015-11-03 01:19:22'),(15,'209.104.115.221','Mozilla/5.0 (Windows NT 6.1; WOW64; rv:41.0) Gecko/20100101 Firefox/41.0','Firefox','b2397693decc198233172781eabdffdb','2015-11-02 20:43:07'),(15,'209.104.115.221','Mozilla/5.0 (Windows NT 6.1; WOW64; rv:41.0) Gecko/20100101 Firefox/41.0','Firefox','293af95e84d2610938d1b25c978eb588','2015-11-02 20:44:50'),(18,'127.0.0.1','Mozilla/5.0 (Windows NT 6.1; WOW64; Trident/7.0; rv:11.0) like Gecko','Mozilla','c04ee99d9ef5a79ba0d19945c0c73ccc','2015-11-02 20:48:55'),(17,'127.0.0.1','Mozilla/5.0 (Windows NT 6.1; WOW64; Trident/7.0; rv:11.0) like Gecko','Mozilla','6e120bdf0d87f1db7aac8f05a5ede885','2015-11-02 20:49:11'),(15,'127.0.0.1','Mozilla/5.0 (Windows NT 6.1; WOW64) AppleWebKit/537.36 (KHTML, like Gecko) Chrome/46.0.2490.80 Safari/537.36','Chrome','39fae94961a9ed7ed6c1409dd90b8181','2015-11-03 02:04:22'),(1,'127.0.0.1','Mozilla/5.0 (X11; Ubuntu; Linux x86_64; rv:41.0) Gecko/20100101 Firefox/41.0','Firefox','ad6827f7e1a6021573651617591d51d6','2015-11-03 09:18:53'),(1,'209.104.115.221','Mozilla/5.0 (X11; Ubuntu; Linux x86_64; rv:41.0) Gecko/20100101 Firefox/41.0','Firefox','9ee70af63254c420e06c6ccd41378493','2015-11-03 09:36:14'),(12,'209.104.115.221','Mozilla/5.0 (X11; Ubuntu; Linux x86_64; rv:41.0) Gecko/20100101 Firefox/41.0','Firefox','67ad51b80349cb81c9d6905ee5919f24','2015-11-03 09:37:05'),(1,'127.0.0.1','Mozilla/5.0 (X11; Ubuntu; Linux x86_64; rv:41.0) Gecko/20100101 Firefox/41.0','Firefox','a597f805ae00bdbe5ef956198df23bd2','2015-11-03 09:40:17'),(12,'209.104.115.221','Mozilla/5.0 (Windows NT 6.1; WOW64) AppleWebKit/537.36 (KHTML, like Gecko) Chrome/46.0.2490.71 Safari/537.36','Chrome','31e0df931abbd9f5a343616312f1c9c4','2015-11-03 09:49:38'),(17,'209.104.115.221','Mozilla/5.0 (Windows NT 6.1; WOW64) AppleWebKit/537.36 (KHTML, like Gecko) Chrome/46.0.2490.71 Safari/537.36','Chrome','3e5462b2b2218e4305dbec930f2363c4','2015-11-03 09:50:46'),(17,'127.0.0.1','Mozilla/5.0 (Windows NT 6.1; WOW64) AppleWebKit/537.36 (KHTML, like Gecko) Chrome/46.0.2490.71 Safari/537.36','Chrome','e364e1d0a204723cc5de429b76f6514d','2015-11-03 09:52:41'),(1,'127.0.0.1','Mozilla/5.0 (X11; Ubuntu; Linux x86_64; rv:41.0) Gecko/20100101 Firefox/41.0','Firefox','6af006dc2bbcb2c3f4f3d0a5f843f1fa','2015-11-03 09:58:09'),(1,'127.0.0.1','Mozilla/5.0 (X11; Ubuntu; Linux x86_64; rv:41.0) Gecko/20100101 Firefox/41.0','Firefox','9af3e7daaed97b468e08f463c3fef330','2015-11-03 14:08:41'),(17,'209.104.115.221','Mozilla/5.0 (Windows NT 6.1; WOW64) AppleWebKit/537.36 (KHTML, like Gecko) Chrome/46.0.2490.71 Safari/537.36','Chrome','bee365577dca246b0141db77c87f680a','2015-11-03 14:44:20'),(17,'127.0.0.1','Mozilla/5.0 (Windows NT 6.1; WOW64) AppleWebKit/537.36 (KHTML, like Gecko) Chrome/46.0.2490.71 Safari/537.36','Chrome','6fb2b9a7b355f802af5183eabd198aa0','2015-11-03 14:44:34'),(12,'127.0.0.1','Mozilla/5.0 (Windows NT 6.1; WOW64; Trident/7.0; rv:11.0) like Gecko','Mozilla','a3f622e19a5d25cb383fc0883925336a','2015-11-03 15:18:25'),(17,'127.0.0.1','Mozilla/5.0 (Windows NT 6.1; WOW64; Trident/7.0; rv:11.0) like Gecko','Mozilla','1f9a399b4041421dd3b7f0af030ce84b','2015-11-03 17:02:38'),(17,'127.0.0.1','Mozilla/5.0 (Windows NT 6.1; WOW64) AppleWebKit/537.36 (KHTML, like Gecko) Chrome/46.0.2490.71 Safari/537.36','Chrome','ea2696ef44b81ab7b95cdab1beb94ec8','2015-11-03 17:26:59'),(17,'209.104.115.221','Mozilla/5.0 (Windows NT 6.1; WOW64) AppleWebKit/537.36 (KHTML, like Gecko) Chrome/46.0.2490.71 Safari/537.36','Chrome','636833cbe2af5264280baad54e87198d','2015-11-03 19:25:40'),(1,'127.0.0.1','Mozilla/5.0 (X11; Ubuntu; Linux x86_64; rv:41.0) Gecko/20100101 Firefox/41.0','Firefox','3bfdf2577214209cb8e9da7fcfeb4c3a','2015-11-04 09:29:40'),(17,'127.0.0.1','Mozilla/5.0 (Windows NT 6.1; WOW64) AppleWebKit/537.36 (KHTML, like Gecko) Chrome/46.0.2490.80 Safari/537.36','Chrome','3f1765d8b7fb25c26e1c0e164e13c5c3','2015-11-04 14:38:33'),(17,'209.104.115.221','Mozilla/5.0 (Windows NT 6.1; WOW64) AppleWebKit/537.36 (KHTML, like Gecko) Chrome/46.0.2490.71 Safari/537.36','Chrome','ae8a0627bbfa03bb334356e6b9514536','2015-11-04 09:45:20'),(17,'209.104.115.221','Mozilla/5.0 (Windows NT 6.1; WOW64; Trident/7.0; rv:11.0) like Gecko','Mozilla','b5d99055492cbce969ca53c2cf5a2470','2015-11-04 09:47:08'),(15,'127.0.0.1','Mozilla/5.0 (Windows NT 6.1; WOW64; rv:41.0) Gecko/20100101 Firefox/41.0','Firefox','7dfda112fffc4119109fd1740a5baed5','2015-11-04 14:48:32'),(17,'127.0.0.1','Mozilla/5.0 (Windows NT 6.1; WOW64; Trident/7.0; rv:11.0) like Gecko','Mozilla','77571b8afdfbc4fc2aeec79a03d305af','2015-11-04 09:49:30'),(15,'127.0.0.1','Mozilla/5.0 (Windows NT 6.1; WOW64; rv:41.0) Gecko/20100101 Firefox/41.0','Firefox','12b01d3755ef24f133588cab18257a61','2015-11-04 14:54:13'),(17,'127.0.0.1','Mozilla/5.0 (Windows NT 6.1; WOW64) AppleWebKit/537.36 (KHTML, like Gecko) Chrome/46.0.2490.71 Safari/537.36','Chrome','f2a3d33fdb8c5d07df2b7377851c1a9d','2015-11-04 10:02:56'),(1,'209.104.115.221','Mozilla/5.0 (Macintosh; Intel Mac OS X 10.8; rv:41.0) Gecko/20100101 Firefox/41.0','Firefox','808714295be23bf45373646a5af8993c','2015-11-04 11:29:11'),(15,'209.104.115.221','Mozilla/5.0 (Windows NT 6.1; WOW64; rv:41.0) Gecko/20100101 Firefox/41.0','Firefox','ba985342e8c0c95e1100260a297d5161','2015-11-04 12:01:58'),(1,'127.0.0.1','Mozilla/5.0 (X11; Ubuntu; Linux x86_64; rv:41.0) Gecko/20100101 Firefox/41.0','Firefox','5406c8185be10fea87e8b29ea464e8f7','2015-11-04 13:37:39'),(17,'127.0.0.1','Mozilla/5.0 (Windows NT 6.1; WOW64) AppleWebKit/537.36 (KHTML, like Gecko) Chrome/46.0.2490.80 Safari/537.36','Chrome','30cb2a451ceb4ef19f7e73e7fd1b44af','2015-11-05 14:18:58'),(1,'127.0.0.1','Mozilla/5.0 (X11; Ubuntu; Linux x86_64; rv:42.0) Gecko/20100101 Firefox/42.0','Firefox','a4874e5707c6226886811a5d15479575','2015-11-05 10:01:12'),(15,'209.104.115.7','Mozilla/5.0 (iPad; CPU OS 9_1 like Mac OS X) AppleWebKit/601.1.46 (KHTML, like Gecko) Version/9.0 Mobile/13B14','Safari','3563befbe5122fae7486e11f92a6f1a1','2015-11-05 10:50:43'),(17,'127.0.0.1','Mozilla/5.0 (Windows NT 6.1; WOW64) AppleWebKit/537.36 (KHTML, like Gecko) Chrome/46.0.2490.80 Safari/537.36','Chrome','2a1d6380814a0b1f7540620d4cc94562','2015-11-05 15:52:39'),(15,'209.104.115.221','Mozilla/5.0 (Windows NT 6.1; WOW64) AppleWebKit/537.36 (KHTML, like Gecko) Chrome/46.0.2490.80 Safari/537.36','Chrome','93720de79c7e5995b2abe05401daa7b0','2015-11-05 10:52:42'),(1,'209.104.115.221','Mozilla/5.0 (X11; Ubuntu; Linux x86_64; rv:42.0) Gecko/20100101 Firefox/42.0','Firefox','985517f82ed6b08fdc6f833d2e241ca6','2015-11-05 10:55:58'),(15,'127.0.0.1','Mozilla/5.0 (Windows NT 6.1; WOW64; rv:41.0) Gecko/20100101 Firefox/41.0','Firefox','76eb8eab666918dc5180d2972fd0c221','2015-11-05 16:16:13'),(15,'209.104.115.7','Mozilla/5.0 (iPad; CPU OS 9_1 like Mac OS X) AppleWebKit/601.1.46 (KHTML, like Gecko) Version/9.0 Mobile/13B14','Safari','64228de3ca1aec008706c6f9b742c22b','2015-11-05 11:27:16'),(1,'127.0.0.1','Mozilla/5.0 (X11; Ubuntu; Linux x86_64; rv:42.0) Gecko/20100101 Firefox/42.0','Firefox','8e0505ffeb4ff170c327a2c0afdb0b0a','2015-11-05 15:56:44'),(1,'209.104.115.221','Mozilla/5.0 (X11; Ubuntu; Linux x86_64; rv:42.0) Gecko/20100101 Firefox/42.0','Firefox','b8c1917dfa12818dfa76d37d5f5ab3f3','2015-11-05 16:55:45'),(1,'209.104.115.221','Mozilla/5.0 (X11; Ubuntu; Linux x86_64; rv:42.0) Gecko/20100101 Firefox/42.0','Firefox','f96fc0b617736f7fd0309cd999869b7c','2015-11-06 09:18:41'),(1,'127.0.0.1','Mozilla/5.0 (X11; Ubuntu; Linux x86_64; rv:42.0) Gecko/20100101 Firefox/42.0','Firefox','60815b70587f74850f398e4f07a5d402','2015-11-06 09:20:14'),(17,'127.0.0.1','Mozilla/5.0 (Windows NT 6.1; WOW64) AppleWebKit/537.36 (KHTML, like Gecko) Chrome/46.0.2490.71 Safari/537.36','Chrome','7bcbdf72a7921c1d1c76141bbfc689be','2015-11-06 11:40:31'),(1,'127.0.0.1','Mozilla/5.0 (X11; Ubuntu; Linux x86_64; rv:42.0) Gecko/20100101 Firefox/42.0','Firefox','c45f33fff0270aaa2b06a42463cc938f','2015-11-06 13:30:26'),(1,'209.104.115.221','Mozilla/5.0 (Macintosh; Intel Mac OS X 10_11) AppleWebKit/601.1.56 (KHTML, like Gecko) Version/9.0 Safari/601.','Safari','e9749c82031853fd4444a9846626a084','2015-11-06 14:04:44'),(17,'209.104.115.221','Mozilla/5.0 (Macintosh; Intel Mac OS X 10_11) AppleWebKit/601.1.56 (KHTML, like Gecko) Version/9.0 Safari/601.','Safari','2f4bfa2d2bc3c43a60e941d358127fab','2015-11-06 14:12:33'),(17,'209.104.115.221','Mozilla/5.0 (Macintosh; Intel Mac OS X 10_11) AppleWebKit/601.1.56 (KHTML, like Gecko) Version/9.0 Safari/601.','Safari','19701cb8ba62c03c1bccb9860b17a41f','2015-11-06 14:13:44'),(1,'209.104.115.221','Mozilla/5.0 (X11; Ubuntu; Linux x86_64; rv:42.0) Gecko/20100101 Firefox/42.0','Firefox','e9d0b4bfedc4f24f8df03c57d06cb04a','2015-11-06 15:04:04'),(1,'127.0.0.1','Mozilla/5.0 (X11; Linux x86_64) AppleWebKit/537.36 (KHTML, like Gecko) Ubuntu Chromium/45.0.2454.101 Chrome/45','Chrome','c800575c42ddce11e9a6597fa515d51e','2015-11-06 16:32:27'),(1,'127.0.0.1','Mozilla/5.0 (X11; Ubuntu; Linux x86_64; rv:42.0) Gecko/20100101 Firefox/42.0','Firefox','14d140f94855d02c43faa9fa8f4dc8dc','2015-11-09 15:30:09'),(1,'127.0.0.1','Mozilla/5.0 (X11; Ubuntu; Linux x86_64; rv:42.0) Gecko/20100101 Firefox/42.0','Firefox','98b9030189865f7a628b4bb995f03924','2015-11-10 13:55:17'),(1,'127.0.0.1','Mozilla/5.0 (X11; Ubuntu; Linux x86_64; rv:42.0) Gecko/20100101 Firefox/42.0','Firefox','7aa14e54ed571232734c80985e45e037','2015-11-11 10:03:09'),(17,'209.104.115.221','Mozilla/5.0 (Windows NT 6.1; WOW64; rv:41.0) Gecko/20100101 Firefox/41.0','Firefox','538e3025561e43df80b30d8110cb93dd','2015-11-11 10:38:05'),(17,'209.104.115.221','Mozilla/5.0 (Windows NT 6.1; WOW64; rv:41.0) Gecko/20100101 Firefox/41.0','Firefox','84818376bccd9994724a9e9c9057c50b','2015-11-11 10:43:41'),(17,'209.104.115.221','Mozilla/5.0 (Windows NT 6.1; WOW64; rv:41.0) Gecko/20100101 Firefox/41.0','Firefox','dc74ef13f1260a5dfa694c90218cda4b','2015-11-11 10:52:46'),(1,'209.104.115.221','Mozilla/5.0 (X11; Ubuntu; Linux x86_64; rv:42.0) Gecko/20100101 Firefox/42.0','Firefox','46e71582fedbe3f81bb665900fe1a1d9','2015-11-11 13:10:23'),(1,'209.104.115.221','Mozilla/5.0 (X11; Ubuntu; Linux x86_64; rv:42.0) Gecko/20100101 Firefox/42.0','Firefox','5ba935e74d766bce66f7a1dd79c42c77','2015-11-11 16:35:05'),(1,'127.0.0.1','Mozilla/5.0 (X11; Ubuntu; Linux x86_64; rv:42.0) Gecko/20100101 Firefox/42.0','Firefox','a5dc6fd71b99e11b578407c457f0d7d8','2015-11-12 08:55:36'),(1,'209.104.115.221','Mozilla/5.0 (X11; Ubuntu; Linux x86_64; rv:42.0) Gecko/20100101 Firefox/42.0','Firefox','319702ebf3c82955f30607b44e024e84','2015-11-12 09:57:15'),(19,'209.104.115.221','Mozilla/5.0 (X11; Ubuntu; Linux x86_64; rv:42.0) Gecko/20100101 Firefox/42.0','Firefox','993e65d82e30f557a83894dc05c97dde','2015-11-12 12:18:42'),(1,'127.0.0.1','Mozilla/5.0 (X11; Ubuntu; Linux x86_64; rv:42.0) Gecko/20100101 Firefox/42.0','Firefox','e018c1f830ca210626fd43dac09cc07b','2015-11-12 14:45:32'),(1,'127.0.0.1','Mozilla/5.0 (X11; Ubuntu; Linux x86_64; rv:42.0) Gecko/20100101 Firefox/42.0','Firefox','32dd71fd12d80cc6bd69a2428a970ddc','2015-11-13 10:01:52'),(1,'209.104.115.221','Mozilla/5.0 (X11; Ubuntu; Linux x86_64; rv:42.0) Gecko/20100101 Firefox/42.0','Firefox','3c323ffa566b62c2bf0aaba1b6fc25ad','2015-11-13 14:17:14'),(20,'209.104.115.221','Mozilla/5.0 (X11; Ubuntu; Linux x86_64; rv:42.0) Gecko/20100101 Firefox/42.0','Firefox','4ae9a3c06a4835724567bb237c89c700','2015-11-16 14:48:18'),(20,'209.104.115.221','Mozilla/5.0 (Macintosh; Intel Mac OS X 10.8; rv:41.0) Gecko/20100101 Firefox/41.0','Firefox','f684bdbfc6f50154b222bce445e85178','2015-11-16 15:07:14'),(20,'209.104.115.221','Mozilla/5.0 (Windows NT 6.1; WOW64) AppleWebKit/537.36 (KHTML, like Gecko) Chrome/46.0.2490.86 Safari/537.36','Chrome','e265ac5d85cd9f745d08aff043a62599','2015-11-16 15:19:44'),(20,'209.104.115.221','Mozilla/5.0 (Windows NT 6.1; WOW64) AppleWebKit/537.36 (KHTML, like Gecko) Chrome/46.0.2490.86 Safari/537.36','Chrome','0ff1e7448d141486c7c360fa11e366de','2015-11-16 16:03:56'),(20,'209.104.115.221','Mozilla/5.0 (Windows NT 6.1; WOW64) AppleWebKit/537.36 (KHTML, like Gecko) Chrome/46.0.2490.86 Safari/537.36','Chrome','da7f8f9d32866a66b29695afa0fee362','2015-11-16 16:05:10'),(1,'127.0.0.1','Mozilla/5.0 (X11; Ubuntu; Linux x86_64; rv:42.0) Gecko/20100101 Firefox/42.0','Firefox','62f6c3cf554efe3bcf488c6d42dfb97b','2015-11-16 17:19:17'),(1,'209.104.115.221','Mozilla/5.0 (X11; Ubuntu; Linux x86_64; rv:42.0) Gecko/20100101 Firefox/42.0','Firefox','605f011d793b55f05cce808d5767d1dd','2015-11-16 17:19:57'),(20,'209.104.115.221','Mozilla/5.0 (Macintosh; Intel Mac OS X 10.8; rv:41.0) Gecko/20100101 Firefox/41.0','Firefox','6a2e10f0633ad37d4e7dcd9da7b85e79','2015-11-17 10:13:40'),(15,'127.0.0.1','Mozilla/5.0 (Windows NT 6.1; WOW64; rv:42.0) Gecko/20100101 Firefox/42.0','Firefox','6a2474202b7dcd73d446b12d47dc5c25','2015-11-20 14:03:14'),(17,'127.0.0.1','Mozilla/5.0 (Windows NT 6.1; WOW64) AppleWebKit/537.36 (KHTML, like Gecko) Chrome/46.0.2490.86 Safari/537.36','Chrome','a0eccc45906c4984fa9473a9bdd26469','2015-11-20 14:55:54'),(15,'127.0.0.1','Mozilla/5.0 (Windows NT 6.1; WOW64; rv:42.0) Gecko/20100101 Firefox/42.0','Firefox','b5357c0280a65d7d4b3ac715879372a6','2015-11-20 17:49:21'),(13,'209.104.115.221','Mozilla/5.0 (Macintosh; Intel Mac OS X 10_10_5) AppleWebKit/601.2.7 (KHTML, like Gecko) Version/9.0.1 Safari/6','Safari','cfca3b917083741c3d0df3b4cbe15b47','2015-11-20 13:57:03'),(17,'127.0.0.1','Mozilla/5.0 (Windows NT 6.1; WOW64; Trident/7.0; rv:11.0) like Gecko','Mozilla','cc40be986e06eac3c63e8b13ad6cfc5c','2015-11-23 11:31:25'),(17,'209.104.115.221','Mozilla/5.0 (Windows NT 6.1; WOW64) AppleWebKit/537.36 (KHTML, like Gecko) Chrome/46.0.2490.86 Safari/537.36','Chrome','e23024733878a1a9552d962dc38b0c80','2015-11-23 11:34:31'),(17,'209.104.115.221','Mozilla/5.0 (Windows NT 6.1; WOW64; Trident/7.0; rv:11.0) like Gecko','Mozilla','092d7c66961fbc6e01735387c690128b','2015-11-23 13:12:55'),(17,'209.104.115.7','Mozilla/5.0 (iPad; CPU OS 9_1 like Mac OS X) AppleWebKit/601.1.46 (KHTML, like Gecko) Version/9.0 Mobile/13B14','Safari','9caba7db42c27bb45951833c78fe855c','2015-11-23 13:25:32'),(17,'209.104.115.221','Mozilla/5.0 (Windows NT 6.1; WOW64; Trident/7.0; rv:11.0) like Gecko','Mozilla','17364f35e53ee86fbdaaebf8e0f66430','2015-11-23 14:17:03'),(17,'209.104.115.221','Mozilla/5.0 (Windows NT 6.1; WOW64) AppleWebKit/537.36 (KHTML, like Gecko) Chrome/46.0.2490.86 Safari/537.36','Chrome','33306bf5593bf34c55d53f3169350541','2015-11-23 14:21:05'),(17,'209.104.115.221','Mozilla/5.0 (Windows NT 6.1; WOW64; rv:42.0) Gecko/20100101 Firefox/42.0','Firefox','4bfdc2898f885a8503e144c2c187b4b7','2015-11-23 14:21:32'),(15,'209.104.115.221','Mozilla/5.0 (Windows NT 6.1; WOW64; rv:42.0) Gecko/20100101 Firefox/42.0','Firefox','fde4861040c6f04fea57581321e499c4','2015-11-23 14:24:19'),(1,'127.0.0.1','Mozilla/5.0 (X11; Ubuntu; Linux x86_64; rv:42.0) Gecko/20100101 Firefox/42.0','Firefox','48dfd259e7f6e32abc9f6a5368ced404','2015-11-23 14:26:45'),(1,'209.104.115.221','Mozilla/5.0 (X11; Ubuntu; Linux x86_64; rv:42.0) Gecko/20100101 Firefox/42.0','Firefox','941696051cee07f2121fdfdda7c473a8','2015-11-23 14:29:18'),(1,'127.0.0.1','Mozilla/5.0 (X11; Ubuntu; Linux x86_64; rv:42.0) Gecko/20100101 Firefox/42.0','Firefox','a51528f4f899805681054cdc8bf6200c','2015-11-23 14:36:50'),(17,'209.104.115.7','Mozilla/5.0 (iPad; CPU OS 9_1 like Mac OS X) AppleWebKit/601.1.46 (KHTML, like Gecko) Version/9.0 Mobile/13B14','Safari','47a05ac843999c497fdd3c1434730dce','2015-11-23 14:42:37'),(1,'127.0.0.1','Mozilla/5.0 (X11; Linux x86_64) AppleWebKit/537.36 (KHTML, like Gecko) Ubuntu Chromium/45.0.2454.101 Chrome/45','Chrome','2de27a2a4b6cbfc010d647d0934eb916','2015-11-23 14:49:04'),(17,'127.0.0.1','Mozilla/5.0 (Windows NT 6.1; WOW64; Trident/7.0; rv:11.0) like Gecko','Mozilla','673d752cfc47ed239b9ca7d967ad1791','2015-11-23 14:51:11'),(17,'127.0.0.1','Mozilla/5.0 (Windows NT 6.1; WOW64; rv:42.0) Gecko/20100101 Firefox/42.0','Firefox','9d3abbb7c02d0324d923b8c8213f8359','2015-11-23 14:53:51'),(17,'127.0.0.1','Mozilla/5.0 (Windows NT 6.1; WOW64; rv:42.0) Gecko/20100101 Firefox/42.0 FirePHP/0.7.4','Firefox','b891b4df063e3c02517fb191fbdefdd9','2015-11-23 14:57:54'),(17,'209.104.115.221','Mozilla/5.0 (Windows NT 6.1; WOW64; rv:42.0) Gecko/20100101 Firefox/42.0','Firefox','faf0421ea0f683e1ee9b010d69b24b5a','2015-11-23 14:58:47'),(17,'127.0.0.1','Mozilla/5.0 (Windows NT 6.1; WOW64; rv:42.0) Gecko/20100101 Firefox/42.0','Firefox','baca98b4bf23ef8825c8eb2b6a536cb0','2015-11-23 15:00:28'),(12,'209.104.115.221','Mozilla/5.0 (Windows NT 6.1; WOW64; Trident/7.0; rv:11.0) like Gecko','Mozilla','b0ecb1acb5c75ea9ecfc054c660008be','2015-11-23 16:47:04'),(17,'127.0.0.1','Mozilla/5.0 (Windows NT 6.1; WOW64; rv:42.0) Gecko/20100101 Firefox/42.0 FirePHP/0.7.4','Firefox','fa59e42d28f1a12ad289c5bae6f7fa96','2015-11-23 16:59:43'),(17,'209.104.115.221','Mozilla/5.0 (Windows NT 6.1; WOW64; rv:42.0) Gecko/20100101 Firefox/42.0','Firefox','780a33a26a86067535c31f12f045344b','2015-11-23 17:16:20'),(17,'127.0.0.1','Mozilla/5.0 (Windows NT 6.1; WOW64; rv:42.0) Gecko/20100101 Firefox/42.0','Firefox','806afc1faf537545146534f382d29f47','2015-11-23 17:25:57'),(17,'127.0.0.1','Mozilla/5.0 (Windows NT 6.1; WOW64; rv:42.0) Gecko/20100101 Firefox/42.0 FirePHP/0.7.4','Firefox','46aa72c73336e4b91b07beb475876cdb','2015-11-23 18:47:31'),(17,'127.0.0.1','Mozilla/5.0 (Windows NT 6.1; WOW64; rv:42.0) Gecko/20100101 Firefox/42.0','Firefox','950376c1c3a410ab020289bc97d17889','2015-11-23 19:04:24'),(17,'209.104.115.221','Mozilla/5.0 (Windows NT 6.1; WOW64; rv:42.0) Gecko/20100101 Firefox/42.0','Firefox','a81388aa8c09ae7283a3e61f6e1fff31','2015-11-23 19:37:22'),(15,'209.104.115.221','Mozilla/5.0 (Windows NT 6.1; WOW64; rv:42.0) Gecko/20100101 Firefox/42.0','Firefox','93f30e8b489f30aafc7a9f9ef18650f4','2015-11-23 22:42:53'),(17,'209.104.115.221','Mozilla/5.0 (Windows NT 6.1; WOW64; rv:42.0) Gecko/20100101 Firefox/42.0','Firefox','3d58a7472316f963aa0a4cc57fc5255a','2015-11-24 09:45:04'),(1,'127.0.0.1','Mozilla/5.0 (X11; Ubuntu; Linux x86_64; rv:42.0) Gecko/20100101 Firefox/42.0','Firefox','d470546f90f7718ee4981809b332f37f','2015-11-24 13:30:03'),(1,'127.0.0.1','Mozilla/5.0 (X11; Ubuntu; Linux x86_64; rv:42.0) Gecko/20100101 Firefox/42.0','Firefox','076519f64eb5ff97f50eaefe8b26c9de','2015-11-24 16:54:50'),(12,'209.104.115.221','Mozilla/5.0 (Windows NT 6.1; WOW64; Trident/7.0; rv:11.0) like Gecko','Mozilla','5b11b2727712a605234154cc96212bc5','2015-11-24 19:19:24'),(1,'127.0.0.1','Mozilla/5.0 (X11; Ubuntu; Linux x86_64; rv:42.0) Gecko/20100101 Firefox/42.0','Firefox','a41a329eed457a974d1a10c9868ef27a','2015-11-25 10:59:53'),(17,'209.104.115.221','Mozilla/5.0 (Windows NT 6.1; WOW64) AppleWebKit/537.36 (KHTML, like Gecko) Chrome/46.0.2490.86 Safari/537.36','Chrome','51b1dcac5d2c42d45011eaf988a23340','2015-11-25 13:08:02'),(17,'209.104.115.221','Mozilla/5.0 (Windows NT 6.1; WOW64) AppleWebKit/537.36 (KHTML, like Gecko) Chrome/46.0.2490.86 Safari/537.36','Chrome','9b0345188cd3fd6fb0f6a05f576b5710','2015-11-25 13:47:10'),(12,'127.0.0.1','Mozilla/5.0 (Windows NT 6.1; WOW64; Trident/7.0; rv:11.0) like Gecko','Mozilla','d7f96a489a83476f4cf664c5dfd43659','2015-11-25 13:52:19'),(17,'127.0.0.1','Mozilla/5.0 (Windows NT 6.1; WOW64; Trident/7.0; rv:11.0) like Gecko','Mozilla','0f36f50ec33f3db665d17aa4fb82d7d6','2015-11-25 13:52:36'),(15,'127.0.0.1','Mozilla/5.0 (Windows NT 6.1; WOW64; rv:42.0) Gecko/20100101 Firefox/42.0','Firefox','b70855b5994e397adc915a0c93dac445','2015-11-25 18:54:04'),(17,'209.104.115.221','Mozilla/5.0 (Windows NT 6.1; WOW64) AppleWebKit/537.36 (KHTML, like Gecko) Chrome/46.0.2490.86 Safari/537.36','Chrome','511e99fa5ed0920f922f44d2ecb6f45f','2015-11-25 14:10:01'),(12,'127.0.0.1','Mozilla/5.0 (Windows NT 6.1; WOW64; Trident/7.0; rv:11.0) like Gecko','Mozilla','b8da836adcebf586c7d0a4fa153f49ac','2015-11-25 14:19:23'),(17,'127.0.0.1','Mozilla/5.0 (Windows NT 6.1; WOW64; Trident/7.0; rv:11.0) like Gecko','Mozilla','befba0d1cb729af9148fed900ae06793','2015-11-25 14:34:16'),(12,'127.0.0.1','Mozilla/5.0 (Windows NT 6.1; WOW64; Trident/7.0; rv:11.0) like Gecko','Mozilla','eaa006b335132dcde8e50537d44c6b70','2015-11-25 14:34:53'),(17,'127.0.0.1','Mozilla/5.0 (Windows NT 6.1; WOW64; Trident/7.0; rv:11.0) like Gecko','Mozilla','52a5bebef9afee77e2890dafefa8324a','2015-11-25 14:35:00'),(1,'209.104.115.221','Mozilla/5.0 (X11; Linux x86_64) AppleWebKit/537.36 (KHTML, like Gecko) Ubuntu Chromium/45.0.2454.101 Chrome/45','Chrome','37906417f07dd696979a15af6f7ee039','2015-11-25 14:30:32'),(12,'209.104.115.221','Mozilla/5.0 (Windows NT 6.1; WOW64; Trident/7.0; rv:11.0) like Gecko','Mozilla','31ba4a09a73c6f5b0fdf1cae263e979f','2015-11-25 14:37:16'),(17,'209.104.115.221','Mozilla/5.0 (Windows NT 6.1; WOW64; Trident/7.0; rv:11.0) like Gecko','Mozilla','f938a62e9b4c1425a6316975ccbaf192','2015-11-25 14:37:32'),(12,'209.104.115.221','Mozilla/5.0 (Windows NT 6.1; WOW64; Trident/7.0; rv:11.0) like Gecko','Mozilla','8179f7c280ad8da8905bd1722f28b895','2015-11-25 14:39:33'),(17,'209.104.115.221','Mozilla/5.0 (Windows NT 6.1; WOW64; Trident/7.0; rv:11.0) like Gecko','Mozilla','6441cc6406d76ad8b4ed003b773ed9a7','2015-11-25 14:39:44'),(12,'209.104.115.221','Mozilla/5.0 (Windows NT 6.1; WOW64; Trident/7.0; rv:11.0) like Gecko','Mozilla','6e52a24b6657f0a346ad4cc011662897','2015-11-25 14:40:57'),(17,'209.104.115.221','Mozilla/5.0 (Windows NT 6.1; WOW64; Trident/7.0; rv:11.0) like Gecko','Mozilla','907debbfcad8095922dc37d171ae04ea','2015-11-25 14:41:15'),(12,'127.0.0.1','Mozilla/5.0 (Windows NT 6.1; WOW64; Trident/7.0; rv:11.0) like Gecko','Mozilla','e02bf711cf8a3bd87049cdba655c600c','2015-11-25 14:51:34'),(17,'127.0.0.1','Mozilla/5.0 (Windows NT 6.1; WOW64; Trident/7.0; rv:11.0) like Gecko','Mozilla','3c45ff62e490664319df3396ddd7bdfc','2015-11-25 14:51:56'),(12,'209.104.115.221','Mozilla/5.0 (Windows NT 6.1; WOW64; Trident/7.0; rv:11.0) like Gecko','Mozilla','fc4a31a09ab04c590bb91910a1cbc49f','2015-11-25 14:53:30'),(13,'209.104.115.221','Mozilla/5.0 (Macintosh; Intel Mac OS X 10_10_5) AppleWebKit/601.2.7 (KHTML, like Gecko) Version/9.0.1 Safari/6','Safari','00b8c26de54c54d58810b94519643436','2015-11-25 14:58:51'),(17,'209.104.115.7','Mozilla/5.0 (iPad; CPU OS 9_1 like Mac OS X) AppleWebKit/601.1.46 (KHTML, like Gecko) Version/9.0 Mobile/13B14','Safari','29bd190853bfcb8fa0b7c0cc9110a78c','2015-11-25 15:37:02'),(12,'209.104.115.7','Mozilla/5.0 (iPad; CPU OS 9_1 like Mac OS X) AppleWebKit/601.1.46 (KHTML, like Gecko) Version/9.0 Mobile/13B14','Safari','003d830c7a5dea15f4484c00e081844a','2015-11-25 15:39:27'),(12,'209.104.115.221','Mozilla/5.0 (Windows NT 6.1; WOW64; Trident/7.0; rv:11.0) like Gecko','Mozilla','a1528536a04d84b07b33cd1cd2d7deb5','2015-11-25 15:42:25'),(17,'209.104.115.221','Mozilla/5.0 (Windows NT 6.1; WOW64) AppleWebKit/537.36 (KHTML, like Gecko) Chrome/46.0.2490.86 Safari/537.36','Chrome','e50f57e4c41e73aa84759ac7fae2bb78','2015-11-25 15:46:39'),(17,'209.104.115.221','Mozilla/5.0 (Windows NT 6.1; WOW64) AppleWebKit/537.36 (KHTML, like Gecko) Chrome/46.0.2490.86 Safari/537.36','Chrome','e7bf483c620adf760a09c973f0a052b7','2015-11-25 16:22:51'),(17,'209.104.115.221','Mozilla/5.0 (Windows NT 6.1; WOW64) AppleWebKit/537.36 (KHTML, like Gecko) Chrome/46.0.2490.86 Safari/537.36','Chrome','bf5bc64459d0b37ba548f166a5767066','2015-11-25 20:15:51'),(17,'127.0.0.1','Mozilla/5.0 (Windows NT 6.1; WOW64) AppleWebKit/537.36 (KHTML, like Gecko) Chrome/46.0.2490.86 Safari/537.36','Chrome','7c449fd309fb78420994f9b20fa708b6','2015-11-26 18:09:58'),(15,'209.104.115.221','Mozilla/5.0 (Windows NT 6.1; WOW64; rv:42.0) Gecko/20100101 Firefox/42.0','Firefox','ffd5bc5c9c439785a58f68b8948a5429','2015-11-30 10:19:33'),(17,'209.104.115.221','Mozilla/5.0 (Windows NT 6.1; WOW64) AppleWebKit/537.36 (KHTML, like Gecko) Chrome/46.0.2490.86 Safari/537.36','Chrome','d3a2141dbe9c6762cc5852e118a28335','2015-11-30 10:21:03'),(17,'209.104.115.221','Mozilla/5.0 (Windows NT 6.1; WOW64) AppleWebKit/537.36 (KHTML, like Gecko) Chrome/46.0.2490.86 Safari/537.36','Chrome','f5dcb69159122ec33c0c4cddf2b9db64','2015-11-30 10:22:29'),(15,'127.0.0.1','Mozilla/5.0 (Windows NT 6.1; WOW64; rv:42.0) Gecko/20100101 Firefox/42.0','Firefox','413200a648264b2deca473f795e96c86','2015-11-30 15:27:49'),(1,'127.0.0.1','Mozilla/5.0 (X11; Ubuntu; Linux x86_64; rv:42.0) Gecko/20100101 Firefox/42.0','Firefox','b112fb905278c56df213dc41b33c236b','2015-11-30 10:39:43'),(1,'209.104.115.221','Mozilla/5.0 (X11; Ubuntu; Linux x86_64; rv:42.0) Gecko/20100101 Firefox/42.0','Firefox','65986229009ab67a3d427f57a9b66cfd','2015-11-30 11:10:19'),(15,'209.104.115.221','Mozilla/5.0 (Windows NT 6.1; WOW64; rv:42.0) Gecko/20100101 Firefox/42.0','Firefox','f7e469fcc39a1dbd3ec4e7f8070707dd','2015-11-30 11:57:58'),(17,'127.0.0.1','Mozilla/5.0 (Windows NT 6.1; WOW64) AppleWebKit/537.36 (KHTML, like Gecko) Chrome/46.0.2490.86 Safari/537.36','Chrome','a7d6943d1cb2ff418d2df3306ae30012','2015-11-30 17:01:00'),(17,'209.104.115.221','Mozilla/5.0 (Windows NT 6.1; WOW64) AppleWebKit/537.36 (KHTML, like Gecko) Chrome/46.0.2490.86 Safari/537.36','Chrome','7f2f32a1724c2b36954186af12d38202','2015-11-30 14:12:39'),(17,'209.104.115.221','Mozilla/5.0 (Windows NT 6.1; WOW64) AppleWebKit/537.36 (KHTML, like Gecko) Chrome/46.0.2490.86 Safari/537.36','Chrome','85a1793d51ab4c7b6393411c7f8972e8','2015-11-30 14:20:56'),(17,'127.0.0.1','Mozilla/5.0 (Windows NT 6.1; WOW64) AppleWebKit/537.36 (KHTML, like Gecko) Chrome/46.0.2490.86 Safari/537.36','Chrome','9ed708ad663636f81847536634cb7cf8','2015-11-30 20:36:27'),(1,'127.0.0.1','Mozilla/5.0 (X11; Ubuntu; Linux x86_64; rv:42.0) Gecko/20100101 Firefox/42.0','Firefox','8799e126156526dc04a4bcbf20688bcf','2015-11-30 15:20:21'),(17,'127.0.0.1','Mozilla/5.0 (Windows NT 6.1; WOW64) AppleWebKit/537.36 (KHTML, like Gecko) Chrome/46.0.2490.86 Safari/537.36','Chrome','6a308b1604221d9566a5c07f1b5b4a50','2015-12-01 14:44:23'),(15,'127.0.0.1','Mozilla/5.0 (Windows NT 6.1; WOW64; rv:42.0) Gecko/20100101 Firefox/42.0','Firefox','e067fa0e9ba16773e952b4ff1adc0c55','2015-12-01 15:40:31'),(1,'127.0.0.1','Mozilla/5.0 (X11; Ubuntu; Linux x86_64; rv:42.0) Gecko/20100101 Firefox/42.0','Firefox','69531a69e7aeeaf0055b4be8abc673c9','2015-12-01 10:35:00'),(15,'127.0.0.1','Mozilla/5.0 (Windows NT 6.1; WOW64; rv:42.0) Gecko/20100101 Firefox/42.0','Firefox','3610bc8e323766f44f46e9c775add3be','2015-12-02 20:09:54'),(15,'209.104.115.221','Mozilla/5.0 (Windows NT 6.1; WOW64; rv:42.0) Gecko/20100101 Firefox/42.0','Firefox','c855fb6aa9ae71cbcb5839a6af2eac04','2015-12-02 14:20:31'),(1,'127.0.0.1','Mozilla/5.0 (X11; Ubuntu; Linux x86_64; rv:42.0) Gecko/20100101 Firefox/42.0','Firefox','00e76e0f6b87aa0e75c3a810dff92439','2015-12-02 16:16:54'),(15,'127.0.0.1','Mozilla/5.0 (Windows NT 6.1; WOW64; rv:42.0) Gecko/20100101 Firefox/42.0','Firefox','9901794322deb7bd59ccfc2891c731a9','2015-12-03 14:41:06'),(1,'127.0.0.1','Mozilla/5.0 (X11; Ubuntu; Linux x86_64; rv:42.0) Gecko/20100101 Firefox/42.0','Firefox','31fd2155430a517a4a70fa365c3c4bd1','2015-12-03 08:48:38'),(1,'127.0.0.1','Mozilla/5.0 (X11; Ubuntu; Linux x86_64; rv:42.0) Gecko/20100101 Firefox/42.0','Firefox','f7a2af2fc0ccfbc83870a73cc54b2563','2015-12-03 11:19:27'),(1,'127.0.0.1','Mozilla/5.0 (X11; Ubuntu; Linux x86_64; rv:42.0) Gecko/20100101 Firefox/42.0','Firefox','eb2f8f4af69f2c0b30ecc43648aa5561','2015-12-03 14:01:27'),(1,'127.0.0.1','Mozilla/5.0 (X11; Ubuntu; Linux x86_64; rv:42.0) Gecko/20100101 Firefox/42.0','Firefox','beb234bfa283a6c4bfcc58c5ebe3a749','2015-12-04 14:21:37'),(1,'127.0.0.1','Mozilla/5.0 (X11; Ubuntu; Linux x86_64; rv:42.0) Gecko/20100101 Firefox/42.0','Firefox','60bcde57b2492ccfa744e44c93cfdf8e','2015-12-07 09:35:39'),(12,'127.0.0.1','Mozilla/5.0 (Windows NT 6.1; WOW64; rv:44.0) Gecko/20100101 Firefox/44.0','Firefox','1bdae21cd2d8167809b01c6d3248129b','2015-12-07 10:36:38'),(12,'127.0.0.1','Mozilla/5.0 (Windows NT 6.1; WOW64; rv:44.0) Gecko/20100101 Firefox/44.0','Firefox','897a0afb4eac82198dd330fd624bc4f1','2015-12-07 11:43:52'),(12,'127.0.0.1','Mozilla/5.0 (Windows NT 6.1; WOW64; rv:44.0) Gecko/20100101 Firefox/44.0','Firefox','fe88e2cda1b6c0191a6af8055b03176b','2015-12-07 18:36:02'),(17,'209.104.115.221','Mozilla/5.0 (Windows NT 6.1; WOW64; rv:2.0.1) Gecko/20100101 Firefox/4.0.1','Firefox','e1b81ae2dd0d3dd7e12dc10c45c3e198','2015-12-07 15:25:18'),(1,'127.0.0.1','Mozilla/5.0 (X11; Ubuntu; Linux x86_64; rv:42.0) Gecko/20100101 Firefox/42.0','Firefox','fedcc8ae8b43e36eff7803381d3f098c','2015-12-08 13:55:38'),(1,'127.0.0.1','Mozilla/5.0 (X11; Ubuntu; Linux x86_64; rv:42.0) Gecko/20100101 Firefox/42.0','Firefox','512277524e5b3bbeedfc35c5c77bfd95','2015-12-09 14:44:35'),(1,'209.104.115.221','Mozilla/5.0 (X11; Ubuntu; Linux x86_64; rv:42.0) Gecko/20100101 Firefox/42.0','Firefox','4cd8be7410b6650d95a8bd104dc9c310','2015-12-09 15:03:46'),(1,'127.0.0.1','Mozilla/5.0 (X11; Ubuntu; Linux x86_64; rv:42.0) Gecko/20100101 Firefox/42.0','Firefox','3d3f3808c18a56114432b3a68b020f3f','2015-12-10 10:33:31'),(1,'127.0.0.1','Mozilla/5.0 (X11; Ubuntu; Linux x86_64; rv:42.0) Gecko/20100101 Firefox/42.0','Firefox','dd5040327cae9b8450f45747ac5b0d95','2015-12-11 08:40:30'),(1,'209.104.115.221','Mozilla/5.0 (X11; Ubuntu; Linux x86_64; rv:42.0) Gecko/20100101 Firefox/42.0','Firefox','3a02a7e49d37bb505c2a1aeb15539bf5','2015-12-11 11:07:03'),(12,'209.104.115.221','Mozilla/5.0 (Windows NT 6.1; WOW64; rv:44.0) Gecko/20100101 Firefox/44.0','Firefox','d6107e5b82c9f32253bd65b25e706c97','2015-12-11 11:48:20'),(12,'127.0.0.1','Mozilla/5.0 (Windows NT 6.1; WOW64; rv:44.0) Gecko/20100101 Firefox/44.0','Firefox','26d37d6f846ea263897bacba26768d3e','2015-12-11 20:01:32'),(1,'127.0.0.1','Mozilla/5.0 (X11; Ubuntu; Linux x86_64; rv:42.0) Gecko/20100101 Firefox/42.0','Firefox','1538d9d212efda1bd3072fc99cb17590','2015-12-11 14:11:17'),(12,'209.104.115.221','Mozilla/5.0 (Windows NT 10.0; Win64; x64) AppleWebKit/537.36 (KHTML, like Gecko) Chrome/46.0.2486.0 Safari/537','Chrome','142a351dc1bc0c07b893bd78c75c528c','2015-12-11 15:36:09'),(1,'127.0.0.1','Mozilla/5.0 (X11; Ubuntu; Linux x86_64; rv:42.0) Gecko/20100101 Firefox/42.0','Firefox','1ca1f28082c4da8bb60988a24da6b15f','2015-12-14 10:35:15'),(13,'209.104.115.221','Mozilla/5.0 (Macintosh; Intel Mac OS X 10_10_5) AppleWebKit/601.3.9 (KHTML, like Gecko) Version/9.0.2 Safari/6','Safari','584e72572320cb736a4438f9c9273499','2015-12-14 14:01:01'),(1,'209.104.115.221','Mozilla/5.0 (X11; Ubuntu; Linux x86_64; rv:42.0) Gecko/20100101 Firefox/42.0','Firefox','83c0fdbe30bc1953b575f33a2bcc39fe','2015-12-15 10:00:22'),(1,'209.104.115.221','Mozilla/5.0 (Windows NT 6.1; WOW64; rv:2.0.1) Gecko/20100101 Firefox/4.0.1','Firefox','1cc959586156f607876fc1429deedb8f','2015-12-16 13:58:34'),(1,'127.0.0.1','Mozilla/5.0 (X11; Ubuntu; Linux x86_64; rv:43.0) Gecko/20100101 Firefox/43.0','Firefox','64cf7cfd83c8708f0522cd254c8203e1','2015-12-16 14:03:16'),(1,'209.104.115.221','Mozilla/5.0 (X11; Ubuntu; Linux x86_64; rv:43.0) Gecko/20100101 Firefox/43.0','Firefox','2eaf3d0cdda7568ee0318359acd62618','2015-12-16 14:03:22'),(17,'209.104.115.221','Mozilla/5.0 (Windows NT 6.1; WOW64) AppleWebKit/537.36 (KHTML, like Gecko) Chrome/47.0.2526.80 Safari/537.36','Chrome','dff257fdcdfb2b2cc0fbcb3599151106','2015-12-16 14:07:27'),(1,'209.104.115.221','Mozilla/5.0 (Windows NT 6.1; WOW64; Trident/7.0; rv:11.0) like Gecko','Mozilla','1b88f4db661bd32f70a98487f32a0bd7','2015-12-16 14:09:36'),(1,'127.0.0.1','Mozilla/5.0 (X11; Ubuntu; Linux x86_64; rv:43.0) Gecko/20100101 Firefox/43.0','Firefox','932ea7f4c593c1c71fde06a6a0db3bdd','2015-12-18 13:21:26'),(15,'127.0.0.1','Mozilla/5.0 (Windows NT 6.1; WOW64; rv:43.0) Gecko/20100101 Firefox/43.0','Firefox','99f0985eca27b1b6a9e18cde8c80f548','2015-12-20 03:10:42'),(1,'127.0.0.1','Mozilla/5.0 (X11; Ubuntu; Linux x86_64; rv:43.0) Gecko/20100101 Firefox/43.0','Firefox','bec715fca637aad8c1dc063109c604c2','2015-12-21 09:56:36'),(1,'127.0.0.1','Mozilla/5.0 (X11; Ubuntu; Linux x86_64; rv:43.0) Gecko/20100101 Firefox/43.0','Firefox','eeebefeab5cf81fdad2e5f919f70677c','2015-12-21 13:42:44'),(1,'127.0.0.1','Mozilla/5.0 (X11; Ubuntu; Linux x86_64; rv:45.0) Gecko/20100101 Firefox/45.0','Firefox','72966d5e09472e9ac01ab6df2bf5f65e','2015-12-21 14:27:00'),(1,'127.0.0.1','Mozilla/5.0 (X11; Ubuntu; Linux x86_64; rv:45.0) Gecko/20100101 Firefox/45.0','Firefox','3bea475f93f13c2cf1e4a0ab43e2a33f','2015-12-21 16:54:55'),(1,'209.104.115.221','Mozilla/5.0 (X11; Ubuntu; Linux x86_64; rv:45.0) Gecko/20100101 Firefox/45.0','Firefox','5b26b09feabe520ab4e64ca74bc0e904','2015-12-22 09:10:53'),(13,'209.104.115.221','Mozilla/5.0 (Macintosh; Intel Mac OS X 10_10_5) AppleWebKit/601.3.9 (KHTML, like Gecko) Version/9.0.2 Safari/6','Safari','9fe3cb825936939573780f24af4f6be8','2015-12-22 09:16:23'),(1,'209.104.115.221','Mozilla/5.0 (X11; Ubuntu; Linux x86_64; rv:45.0) Gecko/20100101 Firefox/45.0','Firefox','fc9f150bebb639677b3e431209ff5053','2015-12-22 13:41:31'),(1,'127.0.0.1','Mozilla/5.0 (X11; Ubuntu; Linux x86_64; rv:43.0) Gecko/20100101 Firefox/43.0','Firefox','d2635fd9d18fc4e003222c172f8c1271','2016-01-04 08:50:59'),(1,'127.0.0.1','Mozilla/5.0 (X11; Ubuntu; Linux x86_64; rv:43.0) Gecko/20100101 Firefox/43.0','Firefox','d6f3f3159f0329fd33291f03be4dbb29','2016-01-05 15:44:51'),(1,'127.0.0.1','Mozilla/5.0 (X11; Ubuntu; Linux x86_64; rv:43.0) Gecko/20100101 Firefox/43.0','Firefox','e3bd401a70306ce32fbea705927600a8','2016-01-06 09:37:24'),(1,'127.0.0.1','Mozilla/5.0 (X11; Ubuntu; Linux x86_64; rv:43.0) Gecko/20100101 Firefox/43.0','Firefox','0dbf8e11393f05ffbd5712ddce38b640','2016-01-06 12:40:13'),(1,'127.0.0.1','Mozilla/5.0 (X11; Ubuntu; Linux x86_64; rv:43.0) Gecko/20100101 Firefox/43.0','Firefox','e60c73e6438b0d51ba4f2a812bf08a89','2016-01-06 16:29:13'),(1,'127.0.0.1','Mozilla/5.0 (X11; Ubuntu; Linux x86_64; rv:43.0) Gecko/20100101 Firefox/43.0','Firefox','469d6e3da139ad2dadb5cd7c99785712','2016-01-07 10:44:51'),(1,'127.0.0.1','Mozilla/5.0 (X11; Ubuntu; Linux x86_64; rv:43.0) Gecko/20100101 Firefox/43.0','Firefox','ae9c6ea3754fc79beabbb78993e7cb1d','2016-01-07 14:26:09'),(1,'127.0.0.1','Mozilla/5.0 (X11; Ubuntu; Linux x86_64; rv:43.0) Gecko/20100101 Firefox/43.0','Firefox','967142e96ae95f90697e542ff87be79a','2016-01-08 08:42:09'),(1,'209.104.115.221','Mozilla/5.0 (Windows NT 6.1; WOW64) AppleWebKit/537.36 (KHTML, like Gecko) Chrome/47.0.2526.106 Safari/537.36','Chrome','fa71ae0c86b8b312f18a48b3d166b017','2016-01-08 08:44:37'),(1,'127.0.0.1','Mozilla/5.0 (X11; Ubuntu; Linux x86_64; rv:43.0) Gecko/20100101 Firefox/43.0','Firefox','5079a087fd0c0f93f7ea68d0a0e46c88','2016-01-08 14:09:59'),(1,'127.0.0.1','Mozilla/5.0 (X11; Ubuntu; Linux x86_64; rv:43.0) Gecko/20100101 Firefox/43.0','Firefox','325163b93dcff863a086e6fb9bc4a64f','2016-01-11 13:18:05'),(1,'127.0.0.1','Mozilla/5.0 (X11; Ubuntu; Linux x86_64; rv:43.0) Gecko/20100101 Firefox/43.0','Firefox','780578bda1b3d22be8071852a757299a','2016-01-11 15:57:29'),(1,'127.0.0.1','Mozilla/5.0 (X11; Ubuntu; Linux x86_64; rv:43.0) Gecko/20100101 Firefox/43.0','Firefox','3db70be0b26fbf080075bdf8f7d3e3b8','2016-01-12 08:51:45'),(1,'127.0.0.1','Mozilla/5.0 (X11; Ubuntu; Linux x86_64; rv:43.0) Gecko/20100101 Firefox/43.0','Firefox','a1e65d8d3d1eb389b25dd502d541ae52','2016-01-14 11:30:26'),(1,'127.0.0.1','Mozilla/5.0 (X11; Ubuntu; Linux x86_64; rv:43.0) Gecko/20100101 Firefox/43.0','Firefox','3f6f4a6ad6bd8f84a7384a9faf34fc07','2016-01-15 08:42:24'),(1,'209.104.115.221','Mozilla/5.0 (X11; Ubuntu; Linux x86_64; rv:43.0) Gecko/20100101 Firefox/43.0','Firefox','f8ade7be9ac2793a50c980f43c217ceb','2016-01-15 08:43:05'),(20,'209.104.115.221','Mozilla/5.0 (Windows NT 6.1; WOW64) AppleWebKit/537.36 (KHTML, like Gecko) Chrome/47.0.2526.111 Safari/537.36','Chrome','725b2fba2bedaf7d9bacd513cb6b4a94','2016-01-15 08:52:48'),(15,'127.0.0.1','Mozilla/5.0 (Windows NT 6.1; WOW64; rv:43.0) Gecko/20100101 Firefox/43.0','Firefox','f2d9bc88c8d9cf1b0ba6fc3495662c79','2016-01-15 20:13:26'),(1,'216.221.32.161','Mozilla/5.0 (Macintosh; Intel Mac OS X 10_11_2) AppleWebKit/601.3.9 (KHTML, like Gecko) Version/9.0.2 Safari/6','Safari','e91eac37ae60f31f963fd68cdbfcd1c8','2016-01-17 13:35:41'),(1,'216.221.32.161','Mozilla/5.0 (Macintosh; Intel Mac OS X 10.11; rv:43.0) Gecko/20100101 Firefox/43.0','Firefox','d29c2fe1c6c109e04db68dc3b6864b46','2016-01-17 13:54:13'),(1,'216.221.32.161','Mozilla/5.0 (Macintosh; Intel Mac OS X 10_11_2) AppleWebKit/601.3.9 (KHTML, like Gecko) Version/9.0.2 Safari/6','Safari','8ce95bcc0308ee543164b16f78fd96d4','2016-01-17 20:29:00'),(20,'209.104.115.7','Mozilla/5.0 (Macintosh; Intel Mac OS X 10.11; rv:43.0) Gecko/20100101 Firefox/43.0','Firefox','f9460db1fa1ee883c869745a140800c9','2016-01-20 10:17:10'),(1,'127.0.0.1','Mozilla/5.0 (X11; Ubuntu; Linux x86_64; rv:43.0) Gecko/20100101 Firefox/43.0','Firefox','ebf0227a531a5b3b62c23906ca2e950a','2016-01-20 11:31:27'),(1,'209.104.115.221','Mozilla/5.0 (X11; Ubuntu; Linux x86_64; rv:43.0) Gecko/20100101 Firefox/43.0','Firefox','113cac317bf21c99e7c47be0d609d327','2016-01-20 13:06:27'),(1,'127.0.0.1','Mozilla/5.0 (X11; Ubuntu; Linux x86_64; rv:43.0) Gecko/20100101 Firefox/43.0','Firefox','c8b10ce768afc41a70f4273c9abb0938','2016-01-21 08:33:53'),(20,'209.104.115.221','Mozilla/5.0 (Macintosh; Intel Mac OS X 10_10_5) AppleWebKit/537.36 (KHTML, like Gecko) Chrome/47.0.2526.111 Sa','Chrome','aee39c2c076494e537e7647cdef29acd','2016-01-21 08:37:34'),(1,'209.104.115.221','Mozilla/5.0 (X11; Ubuntu; Linux x86_64; rv:43.0) Gecko/20100101 Firefox/43.0','Firefox','98cc773474d586b16e46a932149cce5f','2016-01-21 08:58:24'),(20,'209.104.115.221','Mozilla/5.0 (Macintosh; Intel Mac OS X 10_10_5) AppleWebKit/537.36 (KHTML, like Gecko) Chrome/47.0.2526.111 Sa','Chrome','fbe78075376f25a5a7c5097e9def1c6e','2016-01-21 08:59:27'),(20,'209.104.115.221','Mozilla/5.0 (Macintosh; Intel Mac OS X 10.11; rv:43.0) Gecko/20100101 Firefox/43.0','Firefox','a2d2baa5f7cf8068051cb9db085b2382','2016-01-21 09:16:28'),(1,'127.0.0.1','Mozilla/5.0 (X11; Ubuntu; Linux x86_64; rv:43.0) Gecko/20100101 Firefox/43.0','Firefox','2422a8a1007bf6594ed33e496debde85','2016-01-21 09:22:08'),(1,'127.0.0.1','Mozilla/5.0 (X11; Ubuntu; Linux x86_64; rv:43.0) Gecko/20100101 Firefox/43.0','Firefox','8d052cadf0125db379aa03347d3f62a6','2016-01-21 09:26:20'),(1,'209.104.115.221','Mozilla/5.0 (X11; Ubuntu; Linux x86_64; rv:43.0) Gecko/20100101 Firefox/43.0','Firefox','3e18ef782e5aada441a0ce4c68027bef','2016-01-21 09:40:11'),(20,'209.104.115.221','Mozilla/5.0 (Macintosh; Intel Mac OS X 10.11; rv:43.0) Gecko/20100101 Firefox/43.0','Firefox','98d167f1e281d43a9ed19591e179e7e9','2016-01-21 09:41:19'),(20,'209.104.115.221','Mozilla/5.0 (Macintosh; Intel Mac OS X 10_11_2) AppleWebKit/601.3.9 (KHTML, like Gecko) Version/9.0.2 Safari/6','Safari','6df7035ba623abe45d8bc78e6af210cd','2016-01-21 10:33:32'),(20,'209.104.115.221','Mozilla/5.0 (Windows NT 6.1; WOW64; rv:2.0.1) Gecko/20100101 Firefox/4.0.1','Firefox','cdc7b85b5a3ce46ef57ef98260369441','2016-01-21 11:00:09'),(20,'209.104.115.221','Mozilla/5.0 (Windows NT 6.1; WOW64) AppleWebKit/537.36 (KHTML, like Gecko) Chrome/47.0.2526.111 Safari/537.36','Chrome','dfb47748c703eb6aaabb54c455e569ed','2016-01-21 11:01:50'),(20,'209.104.115.221','Mozilla/5.0 (Windows NT 6.1; WOW64) AppleWebKit/537.36 (KHTML, like Gecko) Chrome/47.0.2526.111 Safari/537.36','Chrome','9a1cfe815c3e4ce229efd8437e8b4d8c','2016-01-21 11:52:19'),(1,'127.0.0.1','Mozilla/5.0 (X11; Ubuntu; Linux x86_64; rv:43.0) Gecko/20100101 Firefox/43.0','Firefox','3377111810e01836909619ed10452a01','2016-01-22 10:21:25'),(20,'209.104.115.221','Mozilla/5.0 (Macintosh; Intel Mac OS X 10.11; rv:43.0) Gecko/20100101 Firefox/43.0','Firefox','c26f084ee3ab85db1c8cbe7428f065b1','2016-02-03 10:52:31'),(1,'209.104.115.221','Mozilla/5.0 (X11; Linux x86_64) AppleWebKit/537.36 (KHTML, like Gecko) Ubuntu Chromium/47.0.2526.106 Chrome/47','Chrome','0cca0d7b32af863ed8b626dc4df01fe3','2016-02-04 14:50:23'),(1,'127.0.0.1','Mozilla/5.0 (X11; Ubuntu; Linux x86_64; rv:44.0) Gecko/20100101 Firefox/44.0','Firefox','cffaf9f60744a248f96fd5c63329fb24','2016-02-05 14:57:19'),(1,'127.0.0.1','Mozilla/5.0 (X11; Linux x86_64) AppleWebKit/537.36 (KHTML, like Gecko) Ubuntu Chromium/47.0.2526.106 Chrome/47','Chrome','c64b7914f77ae401afe8042fcb1f3e9b','2016-02-09 09:27:59'),(1,'127.0.0.1','Mozilla/5.0 (X11; Ubuntu; Linux x86_64; rv:44.0) Gecko/20100101 Firefox/44.0','Firefox','4473c875d26b2efde8511fd152826ab7','2016-03-04 14:16:47'),(1,'127.0.0.1','Mozilla/5.0 (X11; Ubuntu; Linux x86_64; rv:44.0) Gecko/20100101 Firefox/44.0','Firefox','a5b0817130be98fb27943678d58ec85c','2016-03-04 14:40:57'),(1,'127.0.0.1','Mozilla/5.0 (X11; Ubuntu; Linux x86_64; rv:44.0) Gecko/20100101 Firefox/44.0','Firefox','280ae177c2a20ca03b38ddf70bdea7a9','2016-03-09 09:18:22'),(1,'127.0.0.1','Mozilla/5.0 (X11; Ubuntu; Linux x86_64; rv:44.0) Gecko/20100101 Firefox/44.0','Firefox','59fc52768a8d42a1c23569a4141895ae','2016-03-09 12:33:35'),(1,'127.0.0.1','Mozilla/5.0 (X11; Ubuntu; Linux x86_64; rv:45.0) Gecko/20100101 Firefox/45.0','Firefox','4c7eac7fde1d505ed1572621297c913d','2016-03-10 10:38:04'),(1,'127.0.0.1','Mozilla/5.0 (X11; Ubuntu; Linux x86_64; rv:45.0) Gecko/20100101 Firefox/45.0','Firefox','1b9b5788c8d0618f87d56f7bce4876b0','2016-03-10 15:14:20'),(1,'127.0.0.1','Mozilla/5.0 (X11; Ubuntu; Linux x86_64; rv:45.0) Gecko/20100101 Firefox/45.0','Firefox','8e8aea05a3c569fec3666dee3046bd9d','2016-03-11 09:01:08'),(1,'127.0.0.1','Mozilla/5.0 (X11; Ubuntu; Linux x86_64; rv:45.0) Gecko/20100101 Firefox/45.0','Firefox','efa628d09f51e989fa4a59d08ffd3760','2016-03-11 13:30:53'),(1,'127.0.0.1','Mozilla/5.0 (X11; Ubuntu; Linux x86_64; rv:45.0) Gecko/20100101 Firefox/45.0','Firefox','3046da4541344f52f024ec4bdf6dd341','2016-03-14 09:50:58'),(1,'127.0.0.1','Mozilla/5.0 (X11; Ubuntu; Linux x86_64; rv:45.0) Gecko/20100101 Firefox/45.0','Firefox','530bcc26f3a1537f9d441063237dbfb0','2016-03-14 14:21:33'),(1,'127.0.0.1','Mozilla/5.0 (X11; Ubuntu; Linux x86_64; rv:45.0) Gecko/20100101 Firefox/45.0','Firefox','864e710ee9f48ded9c9bf5aad4c34b7e','2016-03-14 15:57:14'),(1,'127.0.0.1','Mozilla/5.0 (X11; Ubuntu; Linux x86_64; rv:45.0) Gecko/20100101 Firefox/45.0','Firefox','d8afb2e4dc5ceaa9965c9b64f2cdfc94','2016-03-15 09:07:09'),(1,'127.0.0.1','Mozilla/5.0 (X11; Ubuntu; Linux x86_64; rv:45.0) Gecko/20100101 Firefox/45.0','Firefox','2b090d5fe602e3f4dedc0a0de870b99a','2016-03-15 14:29:34'),(1,'127.0.0.1','Mozilla/5.0 (X11; Ubuntu; Linux x86_64; rv:45.0) Gecko/20100101 Firefox/45.0','Firefox','077f17dd6bc3785dc96706662c66a24f','2016-03-16 09:38:01'),(20,'209.104.115.221','Mozilla/5.0 (Macintosh; Intel Mac OS X 10.11; rv:44.0) Gecko/20100101 Firefox/44.0','Firefox','cec9d23b96e0789b4a5de6947e23282d','2016-03-16 10:17:49'),(1,'127.0.0.1','Mozilla/5.0 (X11; Ubuntu; Linux x86_64; rv:45.0) Gecko/20100101 Firefox/45.0','Firefox','04a6592cedc45e0cb6b258227a5cccb8','2016-03-16 14:10:43'),(1,'127.0.0.1','Mozilla/5.0 (X11; Ubuntu; Linux x86_64; rv:45.0) Gecko/20100101 Firefox/45.0','Firefox','321b114bc40688420aa24654add427f1','2016-03-16 14:30:29'),(1,'127.0.0.1','Mozilla/5.0 (X11; Ubuntu; Linux x86_64; rv:45.0) Gecko/20100101 Firefox/45.0','Firefox','0bf0bfb129e38c2b8ea14419efbcf3dd','2016-03-16 14:54:23'),(1,'207.115.102.66','Mozilla/5.0 (Macintosh; Intel Mac OS X 10_10_5) AppleWebKit/601.4.4 (KHTML, like Gecko) Version/9.0.3 Safari/6','Safari','c2706a6b4e56329f3f342bc5a8da5c3b','2016-03-17 09:29:36'),(1,'127.0.0.1','Mozilla/5.0 (X11; Ubuntu; Linux x86_64; rv:45.0) Gecko/20100101 Firefox/45.0','Firefox','f6a516f43e8ed7a6c16907999bc8d995','2016-03-17 10:52:49'),(1,'127.0.0.1','Mozilla/5.0 (X11; Ubuntu; Linux x86_64; rv:45.0) Gecko/20100101 Firefox/45.0','Firefox','fec0c812940ba5a9ca6b93dc8c4eafbe','2016-03-17 13:44:40'),(1,'127.0.0.1','Mozilla/5.0 (X11; Ubuntu; Linux x86_64; rv:45.0) Gecko/20100101 Firefox/45.0','Firefox','4d7a5b44e1dd82af714a9096f617d045','2016-03-18 10:00:55'),(1,'127.0.0.1','Mozilla/5.0 (X11; Ubuntu; Linux x86_64; rv:45.0) Gecko/20100101 Firefox/45.0','Firefox','645683ef13ff5639a93d3b94928e3dba','2016-03-18 15:31:59'),(1,'66.36.142.69','Mozilla/5.0 (Macintosh; Intel Mac OS X 10_11_3) AppleWebKit/537.36 (KHTML, like Gecko) Chrome/48.0.2564.103 Sa','Chrome','b627ffe7c57cb3bb03ccd87c9e02169a','2016-03-18 19:26:21'),(1,'209.104.115.221','Mozilla/5.0 (Windows NT 6.1; WOW64) AppleWebKit/537.36 (KHTML, like Gecko) Chrome/49.0.2623.87 Safari/537.36','Chrome','ba8e43538a2687c3d33aa4c61c0617d1','2016-03-21 10:34:03'),(21,'209.104.115.221','Mozilla/5.0 (Windows NT 6.1; WOW64) AppleWebKit/537.36 (KHTML, like Gecko) Chrome/49.0.2623.87 Safari/537.36','Chrome','3bd0546e7ca2141e07b9491191091616','2016-03-21 10:35:05'),(15,'209.104.115.221','Mozilla/5.0 (Windows NT 6.1; WOW64; rv:45.0) Gecko/20100101 Firefox/45.0','Firefox','ed058d9cede421cdd27280205a90eb9f','2016-03-21 12:07:39'),(1,'127.0.0.1','Mozilla/5.0 (X11; Linux x86_64) AppleWebKit/537.36 (KHTML, like Gecko) Ubuntu Chromium/48.0.2564.116 Chrome/48','Chrome','12dcb15eb8970d373dc4477dcca744c3','2016-03-21 16:37:38'),(1,'127.0.0.1','Mozilla/5.0 (X11; Linux x86_64) AppleWebKit/537.36 (KHTML, like Gecko) Ubuntu Chromium/48.0.2564.116 Chrome/48','Chrome','45d90a302f0acf464415dc4f87c5bb8c','2016-03-21 16:52:33'),(1,'127.0.0.1','Mozilla/5.0 (X11; Ubuntu; Linux x86_64; rv:45.0) Gecko/20100101 Firefox/45.0','Firefox','24f40f33f2b8f36b19cf8e1e678dc9db','2016-03-25 15:53:01'),(13,'209.104.115.221','Mozilla/5.0 (Macintosh; Intel Mac OS X 10_10_5) AppleWebKit/601.5.17 (KHTML, like Gecko) Version/9.1 Safari/60','Safari','02d650c6076803994878357eff862ead','2016-03-30 11:35:53'),(1,'127.0.0.1','Mozilla/5.0 (X11; Ubuntu; Linux x86_64; rv:45.0) Gecko/20100101 Firefox/45.0','Firefox','dd93998e8a9c28f1f8834a12bf6264ab','2016-03-30 14:09:27'),(1,'127.0.0.1','Mozilla/5.0 (X11; Ubuntu; Linux x86_64; rv:45.0) Gecko/20100101 Firefox/45.0','Firefox','59d74a1d1a2683c0d5f67b7133b39505','2016-03-30 14:10:49'),(1,'127.0.0.1','Mozilla/5.0 (X11; Ubuntu; Linux x86_64; rv:45.0) Gecko/20100101 Firefox/45.0','Firefox','2cce55cd20946110718a754e92844bbb','2016-03-30 14:12:17'),(20,'209.104.115.221','Mozilla/5.0 (Macintosh; Intel Mac OS X 10_11_2) AppleWebKit/537.36 (KHTML, like Gecko) Chrome/49.0.2623.110 Sa','Chrome','87549b1feb48c5caa85680a29e5083aa','2016-03-31 08:47:46'),(1,'127.0.0.1','Mozilla/5.0 (X11; Ubuntu; Linux x86_64; rv:45.0) Gecko/20100101 Firefox/45.0','Firefox','85bfce6b0cd9c1088feaa2ee81fc0e96','2016-03-31 10:47:50'),(1,'127.0.0.1','Mozilla/5.0 (X11; Ubuntu; Linux x86_64; rv:45.0) Gecko/20100101 Firefox/45.0','Firefox','83ff3a2eeb26a94b72aba7066fdf792c','2016-03-31 14:03:50'),(1,'127.0.0.1','Mozilla/5.0 (X11; Ubuntu; Linux x86_64; rv:45.0) Gecko/20100101 Firefox/45.0','Firefox','d2fa78d400e379ba52c49585c344071a','2016-04-01 10:00:29'),(1,'127.0.0.1','Mozilla/5.0 (X11; Ubuntu; Linux x86_64; rv:45.0) Gecko/20100101 Firefox/45.0','Firefox','4c7cb54178b95e452ea93eaabdabee9b','2016-04-01 13:33:35'),(1,'127.0.0.1','Mozilla/5.0 (X11; Ubuntu; Linux x86_64; rv:45.0) Gecko/20100101 Firefox/45.0','Firefox','373ea9676201d6e86dade43345613579','2016-04-01 15:56:02'),(1,'127.0.0.1','Mozilla/5.0 (Macintosh; Intel Mac OS X 10_11_4) AppleWebKit/537.36 (KHTML, like Gecko) Chrome/48.0.2564.103 Sa','Chrome','a6b72a86c9a7d64468d33a99394c0c2b','2016-04-02 00:17:24'),(1,'216.221.46.49','Mozilla/5.0 (Macintosh; Intel Mac OS X 10.11; rv:44.0) Gecko/20100101 Firefox/44.0','Firefox','61ae229031cf9a493c8fab49dc9b1828','2016-04-01 20:43:09'),(1,'127.0.0.1','Mozilla/5.0 (X11; Ubuntu; Linux x86_64; rv:45.0) Gecko/20100101 Firefox/45.0','Firefox','088c1491577c96025635719f26b51037','2016-04-04 08:44:13'),(1,'209.104.115.221','Mozilla/5.0 (X11; Ubuntu; Linux x86_64; rv:45.0) Gecko/20100101 Firefox/45.0','Firefox','1a72536061a01cc882b5fbb322a4df6b','2016-04-04 11:35:11'),(20,'209.104.115.221','Mozilla/5.0 (Macintosh; Intel Mac OS X 10_11_2) AppleWebKit/537.36 (KHTML, like Gecko) Chrome/49.0.2623.110 Sa','Chrome','6e6f76c88bdbe6ce716651597a81b84a','2016-04-04 11:37:47'),(1,'209.104.115.221','Mozilla/5.0 (X11; Linux x86_64) AppleWebKit/537.36 (KHTML, like Gecko) Ubuntu Chromium/49.0.2623.87 Chrome/49.','Chrome','5c3b2a75499cc7f54e25dd517754983f','2016-04-04 11:40:53'),(1,'127.0.0.1','Mozilla/5.0 (X11; Linux x86_64) AppleWebKit/537.36 (KHTML, like Gecko) Ubuntu Chromium/49.0.2623.87 Chrome/49.','Chrome','9e5c2a0d34c9efb10bac40f3611b3d6f','2016-04-04 11:39:55'),(1,'127.0.0.1','Mozilla/5.0 (X11; Linux x86_64) AppleWebKit/537.36 (KHTML, like Gecko) Ubuntu Chromium/49.0.2623.87 Chrome/49.','Chrome','4a9e917fff44410bb26d75838353ba16','2016-04-04 11:45:23'),(1,'127.0.0.1','Mozilla/5.0 (X11; Linux x86_64) AppleWebKit/537.36 (KHTML, like Gecko) Ubuntu Chromium/49.0.2623.87 Chrome/49.','Chrome','da183a133bcf0187a8a1c354e1d1c35f','2016-04-04 11:46:24'),(1,'209.104.115.221','Mozilla/5.0 (X11; Linux x86_64) AppleWebKit/537.36 (KHTML, like Gecko) Ubuntu Chromium/49.0.2623.87 Chrome/49.','Chrome','5855c9901233783339ca6773e74e1eff','2016-04-04 11:48:29'),(1,'209.104.115.221','Mozilla/5.0 (X11; Ubuntu; Linux x86_64; rv:45.0) Gecko/20100101 Firefox/45.0','Firefox','94230ef44bc2bf375bda3e0dced1e3d1','2016-04-04 16:12:18'),(21,'127.0.0.1','Mozilla/5.0 (Windows NT 6.1; WOW64) AppleWebKit/537.36 (KHTML, like Gecko) Chrome/49.0.2623.87 Safari/537.36','Chrome','fdff5a274b019f9940f7418f4c0332be','2016-04-04 16:27:23'),(21,'127.0.0.1','Mozilla/5.0 (Windows NT 6.1; WOW64) AppleWebKit/537.36 (KHTML, like Gecko) Chrome/49.0.2623.87 Safari/537.36','Chrome','05d74030523a636bd29cb0003ffd8c18','2016-04-04 16:44:04'),(21,'127.0.0.1','Mozilla/5.0 (Windows NT 6.1; WOW64) AppleWebKit/537.36 (KHTML, like Gecko) Chrome/49.0.2623.87 Safari/537.36','Chrome','7bd0aaafbd5ef23f3e4f4bb9a03fa50a','2016-04-04 16:45:55'),(1,'127.0.0.1','Mozilla/5.0 (X11; Ubuntu; Linux x86_64; rv:45.0) Gecko/20100101 Firefox/45.0','Firefox','d8f80e8aaf143e285fd5f5045cb8d9b5','2016-04-05 09:03:46'),(20,'209.104.115.221','Mozilla/5.0 (Macintosh; Intel Mac OS X 10_11_2) AppleWebKit/537.36 (KHTML, like Gecko) Chrome/49.0.2623.110 Sa','Chrome','55610c8e294123659dd5175711dc0a5f','2016-04-05 09:08:21'),(21,'127.0.0.1','Mozilla/5.0 (Windows NT 6.1; WOW64) AppleWebKit/537.36 (KHTML, like Gecko) Chrome/49.0.2623.87 Safari/537.36','Chrome','4ec52efc15785ac3fd0a688943868358','2016-04-05 09:16:19'),(1,'209.104.115.221','Mozilla/5.0 (X11; Ubuntu; Linux x86_64; rv:45.0) Gecko/20100101 Firefox/45.0','Firefox','8b39281fdb3ae0afb62ba630cb62208e','2016-04-05 09:25:09'),(21,'127.0.0.1','Mozilla/5.0 (Windows NT 6.1; WOW64) AppleWebKit/537.36 (KHTML, like Gecko) Chrome/49.0.2623.87 Safari/537.36','Chrome','8401d90b08ebb4a142f7b9d06f019921','2016-04-05 11:29:02'),(21,'127.0.0.1','Mozilla/5.0 (Windows NT 6.1; WOW64) AppleWebKit/537.36 (KHTML, like Gecko) Chrome/49.0.2623.87 Safari/537.36','Chrome','a90654fc06eb1e5390005c0e15062d5b','2016-04-05 11:29:51'),(21,'127.0.0.1','Mozilla/5.0 (Windows NT 6.1; WOW64) AppleWebKit/537.36 (KHTML, like Gecko) Chrome/49.0.2623.87 Safari/537.36','Chrome','b13967b8d99ad015e28668d3bbf4f16a','2016-04-05 11:30:27'),(21,'127.0.0.1','Mozilla/5.0 (Windows NT 6.1; WOW64) AppleWebKit/537.36 (KHTML, like Gecko) Chrome/49.0.2623.87 Safari/537.36','Chrome','59ea6a93193b2c0c0823975b828ef741','2016-04-05 11:34:48'),(21,'127.0.0.1','Mozilla/5.0 (Windows NT 6.1; WOW64) AppleWebKit/537.36 (KHTML, like Gecko) Chrome/49.0.2623.87 Safari/537.36','Chrome','6dfc15c1ae3faf7a9d8dcd2134cd97bc','2016-04-05 11:39:40'),(21,'127.0.0.1','Mozilla/5.0 (Windows NT 6.1; WOW64) AppleWebKit/537.36 (KHTML, like Gecko) Chrome/49.0.2623.87 Safari/537.36','Chrome','b1a5a4f9af9bdbd7dc6e375e364db0de','2016-04-05 11:46:16'),(21,'127.0.0.1','Mozilla/5.0 (Windows NT 6.1; WOW64) AppleWebKit/537.36 (KHTML, like Gecko) Chrome/49.0.2623.87 Safari/537.36','Chrome','b1d45a581b6472138d379473a5b72fea','2016-04-05 11:58:59'),(21,'127.0.0.1','Mozilla/5.0 (Windows NT 6.1; WOW64) AppleWebKit/537.36 (KHTML, like Gecko) Chrome/49.0.2623.87 Safari/537.36','Chrome','6c2201d448660ae11fa935d892405170','2016-04-05 12:05:52'),(21,'127.0.0.1','Mozilla/5.0 (Windows NT 6.1; WOW64) AppleWebKit/537.36 (KHTML, like Gecko) Chrome/49.0.2623.87 Safari/537.36','Chrome','5f857666dd7da551ef43fdbad8b1ae90','2016-04-05 12:50:11'),(23,'127.0.0.1','Mozilla/5.0 (Windows NT 6.1; WOW64) AppleWebKit/537.36 (KHTML, like Gecko) Chrome/49.0.2623.87 Safari/537.36','Chrome','fa687d5ba4343c151070cbc9b4897e59','2016-04-05 12:57:03'),(21,'127.0.0.1','Mozilla/5.0 (Windows NT 6.1; WOW64) AppleWebKit/537.36 (KHTML, like Gecko) Chrome/49.0.2623.87 Safari/537.36','Chrome','0b292ec07fcec2728047c309501ae910','2016-04-05 12:59:31'),(1,'209.104.115.221','Mozilla/5.0 (X11; Ubuntu; Linux x86_64; rv:45.0) Gecko/20100101 Firefox/45.0','Firefox','135b62d3e7b3dd4f44bd535937bf68d1','2016-04-05 13:25:26'),(21,'127.0.0.1','Mozilla/5.0 (Windows NT 6.1; WOW64) AppleWebKit/537.36 (KHTML, like Gecko) Chrome/49.0.2623.87 Safari/537.36','Chrome','50dd2faa6d95673584d25b4815289c51','2016-04-05 13:36:25'),(1,'127.0.0.1','Mozilla/5.0 (X11; Linux x86_64) AppleWebKit/537.36 (KHTML, like Gecko) Ubuntu Chromium/49.0.2623.87 Chrome/49.','Chrome','804f0dfd96e75fa8b95d1dc4892929b6','2016-04-05 13:36:19'),(21,'127.0.0.1','Mozilla/5.0 (Windows NT 6.1; WOW64) AppleWebKit/537.36 (KHTML, like Gecko) Chrome/49.0.2623.87 Safari/537.36','Chrome','2b2c6d9b2209433008365b20023586f4','2016-04-05 13:43:37'),(1,'209.104.115.7','Mozilla/5.0 (Macintosh; Intel Mac OS X 10_11_3) AppleWebKit/537.36 (KHTML, like Gecko) Chrome/50.0.2661.37 Saf','Chrome','a8d0ce669d2a3f83207134feaf7a7cc8','2016-04-05 13:46:47'),(20,'209.104.115.221','Mozilla/5.0 (Macintosh; Intel Mac OS X 10_11_2) AppleWebKit/537.36 (KHTML, like Gecko) Chrome/49.0.2623.110 Sa','Chrome','83586c3c702f9fdbd1083ba6f70b2e4b','2016-04-05 13:52:07'),(21,'209.104.115.221','Mozilla/5.0 (Windows NT 6.1; WOW64) AppleWebKit/537.36 (KHTML, like Gecko) Chrome/49.0.2623.87 Safari/537.36','Chrome','3de86b601de09edccd0de6f888cb4311','2016-04-05 14:00:49'),(21,'127.0.0.1','Mozilla/5.0 (Windows NT 6.1; WOW64) AppleWebKit/537.36 (KHTML, like Gecko) Chrome/49.0.2623.87 Safari/537.36','Chrome','73ea69b0cb6e79182f17d27b30a2bdae','2016-04-05 14:03:19'),(1,'127.0.0.1','Mozilla/5.0 (X11; Linux x86_64) AppleWebKit/537.36 (KHTML, like Gecko) Ubuntu Chromium/49.0.2623.87 Chrome/49.','Chrome','7a0dfbbda40c56db599edb65104ea832','2016-04-05 14:17:30'),(1,'127.0.0.1','Mozilla/5.0 (X11; Linux x86_64) AppleWebKit/537.36 (KHTML, like Gecko) Ubuntu Chromium/49.0.2623.87 Chrome/49.','Chrome','dbc9ff7dd388772f250c401b42bee48c','2016-04-05 14:17:36'),(1,'127.0.0.1','Mozilla/5.0 (X11; Linux x86_64) AppleWebKit/537.36 (KHTML, like Gecko) Ubuntu Chromium/49.0.2623.87 Chrome/49.','Chrome','e0f1f447665c6389eac989fa8aac8335','2016-04-05 14:17:40'),(1,'127.0.0.1','Mozilla/5.0 (X11; Ubuntu; Linux x86_64; rv:45.0) Gecko/20100101 Firefox/45.0','Firefox','ee54fcca73c525d09f160e40f754a125','2016-04-05 14:17:47'),(1,'127.0.0.1','Mozilla/5.0 (X11; Ubuntu; Linux x86_64; rv:45.0) Gecko/20100101 Firefox/45.0','Firefox','7009951df321149e3ac1682a77d443c5','2016-04-05 14:18:47'),(1,'127.0.0.1','Mozilla/5.0 (X11; Ubuntu; Linux x86_64; rv:45.0) Gecko/20100101 Firefox/45.0','Firefox','e2791b0379f9b639bff70619de8afe62','2016-04-05 14:21:02'),(1,'127.0.0.1','Mozilla/5.0 (X11; Ubuntu; Linux x86_64; rv:45.0) Gecko/20100101 Firefox/45.0','Firefox','20058b20f1e24d824bbc90646287002d','2016-04-05 14:21:12'),(1,'209.104.115.221','Mozilla/5.0 (X11; Ubuntu; Linux x86_64; rv:45.0) Gecko/20100101 Firefox/45.0','Firefox','93f6c982562191a7ab5a54d16dd76617','2016-04-05 14:23:35'),(1,'209.104.115.221','Mozilla/5.0 (X11; Ubuntu; Linux x86_64; rv:45.0) Gecko/20100101 Firefox/45.0','Firefox','5d77686324c744ac2665501b21a7443e','2016-04-05 14:23:43'),(1,'209.104.115.221','Mozilla/5.0 (X11; Ubuntu; Linux x86_64; rv:45.0) Gecko/20100101 Firefox/45.0','Firefox','e1d884fee7c8773aa3832f6f84321035','2016-04-05 14:24:07'),(1,'209.104.115.221','Mozilla/5.0 (X11; Linux x86_64) AppleWebKit/537.36 (KHTML, like Gecko) Chrome/49.0.2623.87 Safari/537.36 OPR/3','Chrome','e9608a50511d8cc296dbe76ccb83235a','2016-04-05 14:24:37'),(20,'209.104.115.221','Mozilla/5.0 (Macintosh; Intel Mac OS X 10_11_2) AppleWebKit/537.36 (KHTML, like Gecko) Chrome/49.0.2623.110 Sa','Chrome','3f9a334a269b4473f09b3dfbc455e939','2016-04-05 14:25:24'),(20,'209.104.115.221','Mozilla/5.0 (Macintosh; Intel Mac OS X 10_11_2) AppleWebKit/537.36 (KHTML, like Gecko) Chrome/49.0.2623.110 Sa','Chrome','2b590126aa44c4a0edc4436672b23852','2016-04-05 14:26:03'),(1,'127.0.0.1','Mozilla/5.0 (X11; Ubuntu; Linux x86_64; rv:45.0) Gecko/20100101 Firefox/45.0','Firefox','e33411e54b33bd6e86f6ba65f4f9236c','2016-04-05 14:27:45'),(1,'127.0.0.1','Mozilla/5.0 (X11; Ubuntu; Linux x86_64; rv:45.0) Gecko/20100101 Firefox/45.0','Firefox','4f4dc02b452f8c8c5a59857d484891f8','2016-04-05 14:32:02'),(1,'127.0.0.1','Mozilla/5.0 (X11; Ubuntu; Linux x86_64; rv:45.0) Gecko/20100101 Firefox/45.0','Firefox','e54c4de222476a9c700783ac306e2e7e','2016-04-05 14:32:21'),(1,'127.0.0.1','Mozilla/5.0 (X11; Ubuntu; Linux x86_64; rv:45.0) Gecko/20100101 Firefox/45.0','Firefox','38283ea2e4074b5d8e418e6f0676d230','2016-04-05 14:34:11'),(1,'127.0.0.1','Mozilla/5.0 (X11; Ubuntu; Linux x86_64; rv:45.0) Gecko/20100101 Firefox/45.0','Firefox','6bf409fcb7c958ccad3257c4dacfe033','2016-04-05 14:35:22'),(1,'127.0.0.1','Mozilla/5.0 (X11; Ubuntu; Linux x86_64; rv:45.0) Gecko/20100101 Firefox/45.0','Firefox','448e8d8336d644744d868d7561db7548','2016-04-05 14:36:30'),(1,'127.0.0.1','Mozilla/5.0 (X11; Ubuntu; Linux x86_64; rv:45.0) Gecko/20100101 Firefox/45.0','Firefox','6ab24abaf4629de0e675c97e638192e5','2016-04-05 14:37:06'),(1,'127.0.0.1','Mozilla/5.0 (X11; Ubuntu; Linux x86_64; rv:45.0) Gecko/20100101 Firefox/45.0','Firefox','6f6deb0f55d473dc599213dedc4eeddd','2016-04-05 14:41:45'),(1,'127.0.0.1','Mozilla/5.0 (X11; Ubuntu; Linux x86_64; rv:45.0) Gecko/20100101 Firefox/45.0','Firefox','3cb095bdee90558ab01b46c7c300aee6','2016-04-05 14:50:40'),(1,'127.0.0.1','Mozilla/5.0 (X11; Ubuntu; Linux x86_64; rv:45.0) Gecko/20100101 Firefox/45.0','Firefox','568109e4f3e51c41b7014946e5fbf99b','2016-04-05 14:51:15'),(1,'127.0.0.1','Mozilla/5.0 (X11; Ubuntu; Linux x86_64; rv:45.0) Gecko/20100101 Firefox/45.0','Firefox','c3629ca1bc89da023bd39fb3ae2ae076','2016-04-05 14:51:45'),(1,'127.0.0.1','Mozilla/5.0 (X11; Ubuntu; Linux x86_64; rv:45.0) Gecko/20100101 Firefox/45.0','Firefox','f889c14338656c26324e2aa7810710ce','2016-04-05 14:52:53'),(1,'127.0.0.1','Mozilla/5.0 (X11; Ubuntu; Linux x86_64; rv:45.0) Gecko/20100101 Firefox/45.0','Firefox','8b890655639afb754a55ed8d47958a34','2016-04-05 14:53:23'),(1,'127.0.0.1','Mozilla/5.0 (X11; Ubuntu; Linux x86_64; rv:45.0) Gecko/20100101 Firefox/45.0','Firefox','c484c2c36e7230ca3a6304a27fee7172','2016-04-05 14:53:39'),(1,'127.0.0.1','Mozilla/5.0 (X11; Ubuntu; Linux x86_64; rv:45.0) Gecko/20100101 Firefox/45.0','Firefox','9784321700daec5167c45dbc1f24183a','2016-04-05 14:55:59'),(1,'127.0.0.1','Mozilla/5.0 (X11; Ubuntu; Linux x86_64; rv:45.0) Gecko/20100101 Firefox/45.0','Firefox','52d4a84af58ba164e4c90ac2d22d6b47','2016-04-05 14:57:28'),(20,'209.104.115.221','Mozilla/5.0 (Macintosh; Intel Mac OS X 10_11_2) AppleWebKit/537.36 (KHTML, like Gecko) Chrome/49.0.2623.110 Sa','Chrome','0f2b43aa65f2c75b656e0ac9d1b903f9','2016-04-05 14:59:46'),(1,'127.0.0.1','Mozilla/5.0 (X11; Ubuntu; Linux x86_64; rv:45.0) Gecko/20100101 Firefox/45.0','Firefox','ffe109b42e95f79fe9f4178c79c2b92c','2016-04-05 15:48:45'),(1,'209.104.115.221','Mozilla/5.0 (X11; Ubuntu; Linux x86_64; rv:45.0) Gecko/20100101 Firefox/45.0','Firefox','16c0c041f4bbcfaf1f55bb08234319ac','2016-04-05 16:27:54'),(20,'209.104.115.221','Mozilla/5.0 (Macintosh; Intel Mac OS X 10_11_4) AppleWebKit/601.5.17 (KHTML, like Gecko) Version/9.1 Safari/60','Safari','66bdd5ca6218d16fd2e9f21126d4f556','2016-04-05 16:27:15'),(20,'127.0.0.1','Mozilla/5.0 (X11; Ubuntu; Linux x86_64; rv:45.0) Gecko/20100101 Firefox/45.0','Firefox','aa8dec1c254245775603708bfcbb234f','2016-04-05 16:27:13'),(1,'127.0.0.1','Mozilla/5.0 (X11; Ubuntu; Linux x86_64; rv:45.0) Gecko/20100101 Firefox/45.0','Firefox','d88c85c9aef9929859f1d2b4997aab3f','2016-04-05 16:28:48'),(20,'209.104.115.221','Mozilla/5.0 (Macintosh; Intel Mac OS X 10.11; rv:45.0) Gecko/20100101 Firefox/45.0','Firefox','aac8d2c3021c1f23d3329272f27c712a','2016-04-05 16:37:27'),(20,'74.57.118.131','Mozilla/5.0 (Macintosh; Intel Mac OS X 10_11_2) AppleWebKit/537.36 (KHTML, like Gecko) Chrome/49.0.2623.110 Sa','Chrome','39569e841e4abbaae9fee67b5778d418','2016-04-05 21:46:33'),(1,'209.104.115.221','Mozilla/5.0 (X11; Ubuntu; Linux x86_64; rv:45.0) Gecko/20100101 Firefox/45.0','Firefox','2d6ebb2612514e07232d1a4ed11bc603','2016-04-06 08:48:13'),(20,'209.104.115.221','Mozilla/5.0 (Macintosh; Intel Mac OS X 10.11; rv:45.0) Gecko/20100101 Firefox/45.0','Firefox','b204ed2fb90d17ef81db5301eaaecf6f','2016-04-06 09:11:26'),(20,'209.104.115.221','Mozilla/5.0 (Macintosh; Intel Mac OS X 10.11; rv:45.0) Gecko/20100101 Firefox/45.0','Firefox','2d1f10ce7466161097113cc64e9aa2e7','2016-04-06 09:31:02'),(20,'209.104.115.221','Mozilla/5.0 (Macintosh; Intel Mac OS X 10_11_2) AppleWebKit/537.36 (KHTML, like Gecko) Chrome/49.0.2623.110 Sa','Chrome','d8044de0980c73f001b08cabd1e3058d','2016-04-06 14:30:25'),(1,'127.0.0.1','Mozilla/5.0 (X11; Ubuntu; Linux x86_64; rv:45.0) Gecko/20100101 Firefox/45.0','Firefox','9742104036e90acd33486c403ca6283c','2016-04-06 14:30:01'),(1,'209.104.115.221','Mozilla/5.0 (X11; Ubuntu; Linux x86_64; rv:45.0) Gecko/20100101 Firefox/45.0','Firefox','3e505474cd7fe5e09e01f949aa5fa185','2016-04-06 14:31:56'),(1,'127.0.0.1','Mozilla/5.0 (X11; Linux x86_64) AppleWebKit/537.36 (KHTML, like Gecko) Ubuntu Chromium/49.0.2623.87 Chrome/49.','Chrome','08f0333ad11e590286b1fe137dbc4a97','2016-04-06 14:44:50'),(20,'209.104.115.221','Mozilla/5.0 (Macintosh; Intel Mac OS X 10_11_2) AppleWebKit/537.36 (KHTML, like Gecko) Chrome/49.0.2623.110 Sa','Chrome','2a21239222a85a8814fdfce268859855','2016-04-06 16:11:00'),(1,'127.0.0.1','Mozilla/5.0 (Macintosh; Intel Mac OS X 10_11_3) AppleWebKit/537.36 (KHTML, like Gecko) Chrome/50.0.2661.37 Saf','Chrome','b899c9ae2437df687be09ae801a0d5d4','2016-04-06 22:16:35'),(1,'209.104.115.221','Mozilla/5.0 (Macintosh; Intel Mac OS X 10_11_3) AppleWebKit/537.36 (KHTML, like Gecko) Chrome/50.0.2661.37 Saf','Chrome','0722430c4109298aeb8ea8d51f22d6e8','2016-04-06 16:22:45'),(20,'74.57.118.131','Mozilla/5.0 (Macintosh; Intel Mac OS X 10_11_2) AppleWebKit/537.36 (KHTML, like Gecko) Chrome/49.0.2623.110 Sa','Chrome','1c301d168d7d4edcad1606b8d319b794','2016-04-06 21:12:05'),(20,'209.104.115.221','Mozilla/5.0 (Macintosh; Intel Mac OS X 10.11; rv:45.0) Gecko/20100101 Firefox/45.0','Firefox','5180177f6f0adc547bc2fcf600b3873f','2016-04-07 08:58:01'),(20,'209.104.115.221','Mozilla/5.0 (Macintosh; Intel Mac OS X 10_11_2) AppleWebKit/537.36 (KHTML, like Gecko) Chrome/49.0.2623.110 Sa','Chrome','64ca86df5e420d9e0fc3fbf33c51cc6b','2016-04-07 09:28:42'),(1,'66.131.92.100','Mozilla/5.0 (Macintosh; Intel Mac OS X 10_11_3) AppleWebKit/537.36 (KHTML, like Gecko) Chrome/50.0.2661.37 Saf','Chrome','b2d2ef00a3d18629b00fb8a53793aae2','2016-04-07 11:45:26'),(1,'127.0.0.1','Mozilla/5.0 (Macintosh; Intel Mac OS X 10_11_3) AppleWebKit/537.36 (KHTML, like Gecko) Chrome/50.0.2661.37 Saf','Chrome','1fd4e6ac20d65527aa831f4c6ac17a92','2016-04-07 17:44:30'),(21,'127.0.0.1','Mozilla/5.0 (Windows NT 6.1; WOW64) AppleWebKit/537.36 (KHTML, like Gecko) Chrome/49.0.2623.87 Safari/537.36','Chrome','47d1680922ea1114cdfb22e6b182b988','2016-04-07 12:39:18'),(20,'209.104.115.221','Mozilla/5.0 (Macintosh; Intel Mac OS X 10_11_2) AppleWebKit/537.36 (KHTML, like Gecko) Chrome/49.0.2623.110 Sa','Chrome','8198eed0bdcb3ffd6c24e024a54b07e4','2016-04-07 13:41:43'),(1,'127.0.0.1','Mozilla/5.0 (X11; Ubuntu; Linux x86_64; rv:45.0) Gecko/20100101 Firefox/45.0','Firefox','3731bca437057f4b31871927facc8bb6','2016-04-07 13:45:47'),(1,'127.0.0.1','Mozilla/5.0 (X11; Ubuntu; Linux x86_64; rv:45.0) Gecko/20100101 Firefox/45.0','Firefox','a76eb9c1d2b2b39c67bd8fdd9c49b51b','2016-04-08 10:08:55'),(1,'209.104.115.221','Mozilla/5.0 (X11; Ubuntu; Linux x86_64; rv:45.0) Gecko/20100101 Firefox/45.0','Firefox','e680855a0ef928cf9ca3b2072de8487e','2016-04-08 10:28:53'),(1,'209.104.115.221','Mozilla/5.0 (X11; Ubuntu; Linux x86_64; rv:45.0) Gecko/20100101 Firefox/45.0','Firefox','74e1e509973ce2671c7bf67f3bc0f22c','2016-04-08 11:23:10'),(1,'127.0.0.1','Mozilla/5.0 (X11; Ubuntu; Linux x86_64; rv:45.0) Gecko/20100101 Firefox/45.0','Firefox','4b600d194cee860fef7178cadfd72181','2016-04-08 13:38:26'),(1,'209.104.115.221','Mozilla/5.0 (X11; Ubuntu; Linux x86_64; rv:45.0) Gecko/20100101 Firefox/45.0','Firefox','8591410152da4bc2745f104da8c881db','2016-04-08 13:42:25'),(20,'209.104.115.221','Mozilla/5.0 (Macintosh; Intel Mac OS X 10_11_2) AppleWebKit/537.36 (KHTML, like Gecko) Chrome/49.0.2623.110 Sa','Chrome','ad724a7f3a1fc0da77156548b25368ae','2016-04-08 14:31:19'),(20,'209.104.115.221','Mozilla/5.0 (Macintosh; Intel Mac OS X 10_11_2) AppleWebKit/537.36 (KHTML, like Gecko) Chrome/49.0.2623.110 Sa','Chrome','710def60fd054ee8a202c071e2e5011e','2016-04-11 08:47:15'),(1,'127.0.0.1','Mozilla/5.0 (X11; Ubuntu; Linux x86_64; rv:45.0) Gecko/20100101 Firefox/45.0','Firefox','1716429f6b9466fcaf70d26140cb926e','2016-04-11 09:35:41'),(1,'209.104.115.221','Mozilla/5.0 (X11; Ubuntu; Linux x86_64; rv:45.0) Gecko/20100101 Firefox/45.0','Firefox','4736dba0e98b29bdd1c021a704442c7b','2016-04-11 09:42:08'),(20,'209.104.115.221','Mozilla/5.0 (Macintosh; Intel Mac OS X 10_11_2) AppleWebKit/537.36 (KHTML, like Gecko) Chrome/49.0.2623.110 Sa','Chrome','e26934975757b660ec130055c2d95e94','2016-04-11 09:44:30'),(1,'127.0.0.1','Mozilla/5.0 (X11; Linux x86_64) AppleWebKit/537.36 (KHTML, like Gecko) Ubuntu Chromium/49.0.2623.87 Chrome/49.','Chrome','7d1348c7848a5dabc2d5946d02692b07','2016-04-11 10:08:58'),(20,'209.104.115.221','Mozilla/5.0 (Macintosh; Intel Mac OS X 10.11; rv:45.0) Gecko/20100101 Firefox/45.0','Firefox','57050e3a1ccd00379e612e927bafaef3','2016-04-11 11:00:13'),(13,'209.104.115.221','Mozilla/5.0 (Macintosh; Intel Mac OS X 10_10_5) AppleWebKit/601.5.17 (KHTML, like Gecko) Version/9.1 Safari/60','Safari','afdccf27ee36168ca6e8f6561bfdba48','2016-04-11 11:11:24'),(1,'209.104.115.221','Mozilla/5.0 (X11; Ubuntu; Linux x86_64; rv:45.0) Gecko/20100101 Firefox/45.0','Firefox','727a6e92c7120f5a3db12a20b8d04282','2016-04-12 12:47:41'),(1,'127.0.0.1','Mozilla/5.0 (X11; Ubuntu; Linux x86_64; rv:45.0) Gecko/20100101 Firefox/45.0','Firefox','aff8f571ca8572d99a59c82b527f8e37','2016-04-12 12:58:54'),(1,'127.0.0.1','Mozilla/5.0 (X11; Linux x86_64) AppleWebKit/537.36 (KHTML, like Gecko) Ubuntu Chromium/49.0.2623.87 Chrome/49.','Chrome','bb5f1cbc535e7ac26b6de9c5b7b7a07d','2016-04-12 13:00:19'),(1,'66.131.92.100','Mozilla/5.0 (Macintosh; Intel Mac OS X 10_11_3) AppleWebKit/537.36 (KHTML, like Gecko) Chrome/50.0.2661.37 Saf','Chrome','9711fafcca837788d32ca8ce062290fd','2016-04-12 13:10:54'),(1,'66.131.92.100','Mozilla/5.0 (Macintosh; Intel Mac OS X 10_11_3) AppleWebKit/601.4.4 (KHTML, like Gecko) Version/9.0.3 Safari/6','Safari','1aade20e584379bab3da2b58e9977600','2016-04-12 13:20:39'),(1,'127.0.0.1','Mozilla/5.0 (X11; Linux x86_64) AppleWebKit/537.36 (KHTML, like Gecko) Chrome/49.0.2623.110 Safari/537.36 OPR/','Chrome','68be819062ba45cfb086671f74af381d','2016-04-12 13:20:00'),(1,'209.104.115.221','Mozilla/5.0 (X11; Linux x86_64) AppleWebKit/537.36 (KHTML, like Gecko) Chrome/49.0.2623.110 Safari/537.36 OPR/','Chrome','7fb07e5536f1270aea85946352a3aa7e','2016-04-12 13:21:48'),(1,'66.131.92.100','Mozilla/5.0 (Macintosh; Intel Mac OS X 10_11_3) AppleWebKit/601.4.4 (KHTML, like Gecko) Version/9.0.3 Safari/6','Safari','121964cda43329d62bb5ad93893f88b6','2016-04-12 13:23:26'),(20,'209.104.115.221','Mozilla/5.0 (Macintosh; Intel Mac OS X 10_11_2) AppleWebKit/601.3.9 (KHTML, like Gecko) Version/9.0.2 Safari/6','Safari','dc28dfabf8d3db49a4da62e717f18999','2016-04-12 13:25:38'),(13,'209.104.115.221','Mozilla/5.0 (Macintosh; Intel Mac OS X 10_10_5) AppleWebKit/601.5.17 (KHTML, like Gecko) Version/9.1 Safari/60','Safari','3f2a92c594628374721d13f5017737f7','2016-04-12 13:31:02'),(20,'209.104.115.221','Mozilla/5.0 (Macintosh; Intel Mac OS X 10_11_2) AppleWebKit/537.36 (KHTML, like Gecko) Chrome/49.0.2623.110 Sa','Chrome','49c64809ff7b0958880285fa7eab2a30','2016-04-12 14:15:12'),(20,'209.104.115.221','Mozilla/5.0 (Macintosh; Intel Mac OS X 10_10_5) AppleWebKit/537.36 (KHTML, like Gecko) Chrome/49.0.2623.112 Sa','Chrome','5f981084d3041927c5fcbc710195bb7f','2016-04-12 14:28:37'),(20,'209.104.115.221','Mozilla/5.0 (Macintosh; Intel Mac OS X 10.9; rv:45.0) Gecko/20100101 Firefox/45.0','Firefox','c2863f3944e010cd1d55fb2289325b29','2016-04-12 14:38:19'),(1,'209.104.115.221','Mozilla/5.0 (X11; Ubuntu; Linux x86_64; rv:45.0) Gecko/20100101 Firefox/45.0','Firefox','a1cabb3cf4f7f1e85cfa5160103cdcff','2016-04-13 09:17:18'),(1,'127.0.0.1','Mozilla/5.0 (X11; Ubuntu; Linux x86_64; rv:45.0) Gecko/20100101 Firefox/45.0','Firefox','488dec7bc85c3ef4ad175e7d283f7a3b','2016-04-13 09:15:07'),(20,'209.104.115.221','Mozilla/5.0 (Macintosh; Intel Mac OS X 10_10_5) AppleWebKit/537.36 (KHTML, like Gecko) Chrome/49.0.2623.112 Sa','Chrome','4fb1e5b64a087fe43f733781b6e60d05','2016-04-13 14:02:20'),(20,'209.104.115.221','Mozilla/5.0 (Macintosh; Intel Mac OS X 10_10_5) AppleWebKit/537.36 (KHTML, like Gecko) Chrome/49.0.2623.112 Sa','Chrome','b611f66f97f3ee1d51d67e22888b272f','2016-04-15 10:14:23'),(20,'209.104.115.221','Mozilla/5.0 (Macintosh; Intel Mac OS X 10_11_2) AppleWebKit/537.36 (KHTML, like Gecko) Chrome/49.0.2623.112 Sa','Chrome','d88e036b3c8cbb735ef87bb3d3945cb7','2016-04-19 15:18:23'),(15,'209.104.115.221','Mozilla/5.0 (Windows NT 6.1; WOW64; rv:45.0) Gecko/20100101 Firefox/45.0','Firefox','05d4a5b3dd18d4b337828feeeeec2353','2016-04-19 22:35:47'),(20,'209.104.115.221','Mozilla/5.0 (Macintosh; Intel Mac OS X 10_11_2) AppleWebKit/537.36 (KHTML, like Gecko) Chrome/49.0.2623.112 Sa','Chrome','c5949b4fa73259dbac19ec10110bd32b','2016-04-21 08:52:07'),(20,'209.104.115.221','Mozilla/5.0 (Macintosh; Intel Mac OS X 10.11; rv:45.0) Gecko/20100101 Firefox/45.0','Firefox','da28cfa3cd48bb8160624a5677983c55','2016-04-22 09:24:36'),(15,'127.0.0.1','Mozilla/5.0 (Windows NT 6.1; WOW64; rv:45.0) Gecko/20100101 Firefox/45.0','Firefox','12cdd7b686b7e5f4c135b399f11abfcb','2016-04-25 19:34:40'),(15,'127.0.0.1','Mozilla/5.0 (Windows NT 6.1; WOW64; rv:45.0) Gecko/20100101 Firefox/45.0','Firefox','ee5a3b1bdf213a8175b999a439662892','2016-04-26 00:08:12'),(20,'209.104.115.221','Mozilla/5.0 (Macintosh; Intel Mac OS X 10_11_2) AppleWebKit/537.36 (KHTML, like Gecko) Chrome/50.0.2661.86 Saf','Chrome','f974fda7672f4271fa7d969d7eb7b92e','2016-04-27 10:25:33'),(20,'209.104.115.221','Mozilla/5.0 (Macintosh; Intel Mac OS X 10_11_2) AppleWebKit/537.36 (KHTML, like Gecko) Chrome/50.0.2661.86 Saf','Chrome','dd2c51d24e381d3ac5be150fbf74b006','2016-04-27 15:44:01'),(20,'209.104.115.221','Mozilla/5.0 (Macintosh; Intel Mac OS X 10.11; rv:45.0) Gecko/20100101 Firefox/45.0','Firefox','e8f7a4e1621d0454198366252fb2634c','2016-04-27 15:45:58'),(20,'209.104.115.221','Mozilla/5.0 (Macintosh; Intel Mac OS X 10_11_2) AppleWebKit/537.36 (KHTML, like Gecko) Chrome/50.0.2661.86 Saf','Chrome','cc16abf03eb809e677f111f62ae10672','2016-05-05 09:59:56'),(20,'209.104.115.221','Mozilla/5.0 (Macintosh; Intel Mac OS X 10_11_2) AppleWebKit/537.36 (KHTML, like Gecko) Chrome/50.0.2661.86 Saf','Chrome','cb8e428e09027e53e791e0be7c19cd6f','2016-05-09 13:00:32'),(20,'209.104.115.221','Mozilla/5.0 (Macintosh; Intel Mac OS X 10_11_2) AppleWebKit/537.36 (KHTML, like Gecko) Chrome/50.0.2661.86 Saf','Chrome','0b1398eb047c053c5b2ee306ae8b0184','2016-05-11 13:11:29'),(20,'209.104.115.221','Mozilla/5.0 (Macintosh; Intel Mac OS X 10_8_5) AppleWebKit/537.36 (KHTML, like Gecko) Chrome/49.0.2623.112 Saf','Chrome','0d3b43c539198fdf7f377535d18c9ffe','2016-05-11 13:30:07'),(20,'209.104.115.221','Mozilla/5.0 (Macintosh; Intel Mac OS X 10_8_5) AppleWebKit/537.36 (KHTML, like Gecko) Chrome/49.0.2623.112 Saf','Chrome','d99865a134830c0e3174a5cea0083fb6','2016-05-11 13:32:44'),(20,'209.104.115.221','Mozilla/5.0 (Macintosh; Intel Mac OS X 10.11; rv:45.0) Gecko/20100101 Firefox/45.0','Firefox','b7a4de168bde379d8e69e82da4f8ee45','2016-05-11 14:33:58'),(20,'209.104.115.221','Mozilla/5.0 (Macintosh; Intel Mac OS X 10_8_5) AppleWebKit/600.4.10 (KHTML, like Gecko) Version/6.2.4 Safari/5','Safari','6249ca79ac30707048e44a0b019dd03c','2016-05-12 11:42:28'),(20,'209.104.115.221','Mozilla/5.0 (Macintosh; Intel Mac OS X 10_8_5) AppleWebKit/600.8.9 (KHTML, like Gecko) Version/6.2.8 Safari/53','Safari','b64076644697fd8243c6f600a1b6bd04','2016-05-13 09:57:12'),(20,'209.104.115.221','Mozilla/5.0 (Macintosh; Intel Mac OS X 10_8_5) AppleWebKit/600.8.9 (KHTML, like Gecko) Version/6.2.8 Safari/53','Safari','6776dd3eda5f62f314460fcc6281a00a','2016-05-13 10:06:32'),(20,'209.104.115.221','Mozilla/5.0 (Windows NT 6.1; WOW64; rv:46.0) Gecko/20100101 Firefox/46.0','Firefox','8b38ff6914297cb9505aeee605dc82e1','2016-05-13 10:14:34'),(20,'127.0.0.1','Mozilla/5.0 (Windows NT 6.1; WOW64; rv:46.0) Gecko/20100101 Firefox/46.0','Firefox','bd6de733df62b888b1d0acf833634c2f','2016-05-13 16:47:23'),(20,'127.0.0.1','Mozilla/5.0 (Windows NT 6.1; WOW64; rv:46.0) Gecko/20100101 Firefox/46.0','Firefox','dfc0a9d54cb7ea4adcf90fe0ccb3684e','2016-05-13 17:08:05'),(1,'209.104.115.221','Mozilla/5.0 (Macintosh; Intel Mac OS X 10_11_4) AppleWebKit/601.5.17 (KHTML, like Gecko) Version/9.1 Safari/60','Safari','8f6f5ff116a743378224a39bb9d9cb5a','2016-05-16 15:47:16'),(20,'127.0.0.1','Mozilla/5.0 (Windows NT 6.1; WOW64; rv:46.0) Gecko/20100101 Firefox/46.0','Firefox','add5616954e465c75f59ab4deb06eba6','2016-05-18 15:56:26'),(1,'209.104.115.221','Mozilla/5.0 (Macintosh; Intel Mac OS X 10.11; rv:46.0) Gecko/20100101 Firefox/46.0','Firefox','7a7c60a6b1b0079ca8bdc884f938ecb8','2016-05-18 10:53:38'),(1,'209.104.115.221','Mozilla/5.0 (Macintosh; Intel Mac OS X 10.11; rv:46.0) Gecko/20100101 Firefox/46.0','Firefox','07da92ab25e68e7473cd06de4d9dff03','2016-05-18 13:14:53'),(20,'209.104.115.221','Mozilla/5.0 (Macintosh; Intel Mac OS X 10_8_5) AppleWebKit/600.8.9 (KHTML, like Gecko) Version/6.2.8 Safari/53','Safari','f90f7299f74fc81e01863b012b3a2bcd','2016-05-19 14:52:03'),(20,'184.160.213.45','Mozilla/5.0 (Macintosh; Intel Mac OS X 10.8; rv:45.0) Gecko/20100101 Firefox/45.0','Firefox','7340f0a01ef794249656460806a6ef44','2016-05-23 22:35:56'),(20,'209.104.115.221','Mozilla/5.0 (Macintosh; Intel Mac OS X 10_11_2) AppleWebKit/537.36 (KHTML, like Gecko) Chrome/50.0.2661.102 Sa','Chrome','fed5cd695cb07459ff2d9bf72825da9e','2016-05-24 11:14:02'),(15,'209.104.115.221','Mozilla/5.0 (Windows NT 6.1; WOW64; rv:46.0) Gecko/20100101 Firefox/46.0','Firefox','fd6941588b327341414f6acecf0792e4','2016-05-30 13:34:44'),(1,'209.104.115.221','Mozilla/5.0 (Macintosh; Intel Mac OS X 10_11_4) AppleWebKit/601.5.17 (KHTML, like Gecko) Version/9.1 Safari/60','Safari','677d3b61b02ae9ea8e084d92056d2a76','2016-05-30 13:41:43'),(13,'209.104.115.221','Mozilla/5.0 (Macintosh; Intel Mac OS X 10_10_5) AppleWebKit/601.6.17 (KHTML, like Gecko) Version/9.1.1 Safari/','Safari','bf3b4e8de099533c956fd7267dd0ba62','2016-05-30 13:51:39'),(20,'209.104.115.221','Mozilla/5.0 (Macintosh; Intel Mac OS X 10_11_4) AppleWebKit/601.5.17 (KHTML, like Gecko) Version/9.1 Safari/60','Safari','bcc42fe7ac1fb39b664acd06a511670e','2016-05-30 15:20:42'),(20,'209.104.115.7','Mozilla/5.0 (Macintosh; Intel Mac OS X 10.11; rv:45.0) Gecko/20100101 Firefox/45.0','Firefox','12f98de8b0d21d66e311745557e440f1','2016-05-30 15:23:25'),(20,'74.57.118.131','Mozilla/5.0 (Macintosh; Intel Mac OS X 10_11_2) AppleWebKit/537.36 (KHTML, like Gecko) Chrome/50.0.2661.102 Sa','Chrome','d5ab9c9b744c440f6ffe45512b928e4f','2016-05-31 11:45:11'),(28,'74.57.118.131','Mozilla/5.0 (Macintosh; Intel Mac OS X 10_11_2) AppleWebKit/537.36 (KHTML, like Gecko) Chrome/50.0.2661.102 Sa','Chrome','61c2cebd7e998cfb1f0c4b9b0347ea36','2016-05-31 11:48:58'),(28,'74.57.118.131','Mozilla/5.0 (Macintosh; Intel Mac OS X 10_11_2) AppleWebKit/537.36 (KHTML, like Gecko) Chrome/50.0.2661.102 Sa','Chrome','0cc4b99551f9ca35ae83acc1ed5374d6','2016-05-31 11:55:53'),(13,'209.104.115.221','Mozilla/5.0 (Macintosh; Intel Mac OS X 10_10_5) AppleWebKit/601.6.17 (KHTML, like Gecko) Version/9.1.1 Safari/','Safari','c829fcef7036fb100a56566f421687bb','2016-06-01 11:04:44'),(28,'209.104.115.7','Mozilla/5.0 (Macintosh; Intel Mac OS X 10_10_5) AppleWebKit/537.36 (KHTML, like Gecko) Chrome/51.0.2704.79 Saf','Chrome','5b8829b2c411cbe7d6f27cf971d5b99a','2016-06-02 11:08:26'),(29,'209.104.115.221','Mozilla/5.0 (Macintosh; Intel Mac OS X 10_10_5) AppleWebKit/601.6.17 (KHTML, like Gecko) Version/9.1.1 Safari/','Safari','b7ec1e19bcf076465a9e9c6ff3e6cc98','2016-06-02 11:59:00'),(13,'209.104.115.221','Mozilla/5.0 (Macintosh; Intel Mac OS X 10_10_5) AppleWebKit/601.6.17 (KHTML, like Gecko) Version/9.1.1 Safari/','Safari','7bbb4646d3e9cf018d06a36caf5e5c40','2016-06-02 15:12:11'),(20,'209.104.115.221','Mozilla/5.0 (Macintosh; Intel Mac OS X 10.11; rv:45.0) Gecko/20100101 Firefox/45.0','Firefox','f40f1ada80329f62be3590c49a8db5e3','2016-06-06 13:26:48'),(29,'209.104.115.221','Mozilla/5.0 (Macintosh; Intel Mac OS X 10_10_5) AppleWebKit/601.6.17 (KHTML, like Gecko) Version/9.1.1 Safari/','Safari','2e6c467aaa9c13b10b7395ad2d3244ce','2016-06-06 13:48:16'),(28,'209.104.115.221','Mozilla/5.0 (Macintosh; Intel Mac OS X 10_8_5) AppleWebKit/600.6.3 (KHTML, like Gecko) Version/6.2.6 Safari/53','Safari','cab55b7be47c20386ef6a3a244d423c8','2016-06-07 14:57:32'),(1,'209.104.115.221','Mozilla/5.0 (Macintosh; Intel Mac OS X 10_11_5) AppleWebKit/601.6.17 (KHTML, like Gecko) Version/9.1.1 Safari/','Safari','6ae27a02f62e8161be17bf2923a70784','2016-06-07 15:33:22'),(1,'209.104.115.221','Mozilla/5.0 (Macintosh; Intel Mac OS X 10_11_5) AppleWebKit/601.6.17 (KHTML, like Gecko) Version/9.1.1 Safari/','Safari','463dfe1b8a9d204f291854e062b057d2','2016-06-08 09:04:37'),(1,'127.0.0.1','Mozilla/5.0 (Macintosh; Intel Mac OS X 10_11_5) AppleWebKit/601.6.17 (KHTML, like Gecko) Version/9.1.1 Safari/','Safari','66ba6a2eb822c7270a6a7ee7c59d5424','2016-06-08 13:04:47'),(1,'127.0.0.1','Mozilla/5.0 (Macintosh; Intel Mac OS X 10_11_5) AppleWebKit/601.6.17 (KHTML, like Gecko) Version/9.1.1 Safari/','Safari','855bddb00000d1ee8133f42c8316e6b3','2016-06-08 13:11:58'),(28,'209.104.115.221','Mozilla/5.0 (Macintosh; Intel Mac OS X 10_8_5) AppleWebKit/600.6.3 (KHTML, like Gecko) Version/6.2.6 Safari/53','Safari','055a28d5ef1fb5282e07e298895ca430','2016-06-08 11:20:16'),(28,'209.104.115.221','Mozilla/5.0 (Macintosh; Intel Mac OS X 10_8_5) AppleWebKit/600.6.3 (KHTML, like Gecko) Version/6.2.6 Safari/53','Safari','05fa0a8ecd65e959be4b9d0a0c9a6855','2016-06-08 11:40:17'),(28,'209.104.115.221','Mozilla/5.0 (Macintosh; Intel Mac OS X 10_8_5) AppleWebKit/600.6.3 (KHTML, like Gecko) Version/6.2.6 Safari/53','Safari','6859123b95f403ceb6adc22e2e572325','2016-06-13 14:20:39'),(28,'209.104.115.221','Mozilla/5.0 (Macintosh; Intel Mac OS X 10_8_5) AppleWebKit/600.6.3 (KHTML, like Gecko) Version/6.2.6 Safari/53','Safari','cc6f527921b4579fecc8503addbb3136','2016-06-14 10:39:55'),(1,'209.104.115.221','Mozilla/5.0 (Macintosh; Intel Mac OS X 10.11; rv:46.0) Gecko/20100101 Firefox/46.0','Firefox','c9d470d1c11098534a27ae5a0fbf1a01','2016-06-15 12:10:52'),(28,'209.104.115.221','Mozilla/5.0 (Macintosh; Intel Mac OS X 10_8_5) AppleWebKit/600.6.3 (KHTML, like Gecko) Version/6.2.6 Safari/53','Safari','96f77591e369f4d36978ca9d4ef2c524','2016-06-21 13:12:25'),(1,'127.0.0.1','Mozilla/5.0 (Macintosh; Intel Mac OS X 10.11; rv:47.0) Gecko/20100101 Firefox/47.0','Firefox','e6c909566007590efe62a1ef3d0acf32','2016-06-22 15:30:19'),(28,'209.104.115.221','Mozilla/5.0 (Macintosh; Intel Mac OS X 10_8_5) AppleWebKit/600.6.3 (KHTML, like Gecko) Version/6.2.6 Safari/53','Safari','47e2b5c9485f7eb813d0cddde32c08dd','2016-06-22 11:34:27'),(1,'178.20.55.18','Mozilla/5.0 (Windows NT 6.1; rv:38.0) Gecko/20100101 Firefox/38.0','Firefox','8eaa0c3ae796419006997ba536fc4a90','2016-06-23 10:47:41'),(20,'209.104.115.221','Mozilla/5.0 (Macintosh; Intel Mac OS X 10.11; rv:47.0) Gecko/20100101 Firefox/47.0','Firefox','71779186070d3f51beaba9102b3d7f17','2016-06-27 09:53:22'),(29,'209.104.115.221','Mozilla/5.0 (Macintosh; Intel Mac OS X 10_10_5) AppleWebKit/601.6.17 (KHTML, like Gecko) Version/9.1.1 Safari/','Safari','0465fe90ed3491597a9c969e8284cac3','2016-06-27 11:22:18'),(29,'209.104.115.221','Mozilla/5.0 (Macintosh; Intel Mac OS X 10_10_5) AppleWebKit/601.6.17 (KHTML, like Gecko) Version/9.1.1 Safari/','Safari','d27ed308c24b7c2c2a90bd95feca0953','2016-06-28 11:04:43'),(28,'209.104.115.221','Mozilla/5.0 (Macintosh; Intel Mac OS X 10_8_5) AppleWebKit/600.6.3 (KHTML, like Gecko) Version/6.2.6 Safari/53','Safari','8adb47c8bd5eddab844418b63f3eb787','2016-06-30 09:05:59'),(30,'209.104.115.221','Mozilla/5.0 (Macintosh; Intel Mac OS X 10.9; rv:36.0) Gecko/20100101 Firefox/36.0','Firefox','edf1e69337f8bc6b47e6b043858a9ce3','2016-07-05 14:57:31'),(29,'209.104.115.221','Mozilla/5.0 (Macintosh; Intel Mac OS X 10_10_5) AppleWebKit/601.6.17 (KHTML, like Gecko) Version/9.1.1 Safari/','Safari','d4c9f9513213abfe5312598a5608fff9','2016-07-06 10:23:24'),(20,'209.104.115.221','Mozilla/5.0 (Macintosh; Intel Mac OS X 10.11; rv:47.0) Gecko/20100101 Firefox/47.0','Firefox','2d1a0131744fc0212c1facd940c946b2','2016-07-06 13:44:15'),(28,'209.104.115.221','Mozilla/5.0 (Macintosh; Intel Mac OS X 10_8_5) AppleWebKit/600.6.3 (KHTML, like Gecko) Version/6.2.6 Safari/53','Safari','573d95e7a6b0d8ebbf90ec833e9c4e34','2016-07-06 16:37:21'),(20,'209.104.115.221','Mozilla/5.0 (Macintosh; Intel Mac OS X 10.11; rv:47.0) Gecko/20100101 Firefox/47.0','Firefox','391e145fbad3962d0a95c53a05c25ade','2016-07-11 10:04:45'),(15,'127.0.0.1','Mozilla/5.0 (Windows NT 6.1; WOW64; rv:47.0) Gecko/20100101 Firefox/47.0','Firefox','ed4ca71e44978b285961d4506e80ce03','2016-07-12 15:37:31'),(17,'127.0.0.1','Mozilla/5.0 (Windows NT 6.1; WOW64) AppleWebKit/537.36 (KHTML, like Gecko) Chrome/51.0.2704.103 Safari/537.36','Chrome','f4af505c65e39063311ea198500dadec','2016-07-13 14:49:16'),(17,'209.104.115.221','Mozilla/5.0 (Windows NT 6.1; WOW64) AppleWebKit/537.36 (KHTML, like Gecko) Chrome/51.0.2704.103 Safari/537.36','Chrome','b6c4715080a87af21587d60b6b2f3060','2016-07-13 08:54:28'),(28,'209.104.115.221','Mozilla/5.0 (Macintosh; Intel Mac OS X 10_8_5) AppleWebKit/600.6.3 (KHTML, like Gecko) Version/6.2.6 Safari/53','Safari','f60d2bf053e3e1eaccefc4ed0bb653d0','2016-07-14 09:49:18'),(20,'209.104.115.221','Mozilla/5.0 (Macintosh; Intel Mac OS X 10.11; rv:47.0) Gecko/20100101 Firefox/47.0','Firefox','2f774e964cb5efe66067b190ff480f81','2016-07-15 09:06:20'),(20,'209.104.115.221','Mozilla/5.0 (Macintosh; Intel Mac OS X 10_11_2) AppleWebKit/537.36 (KHTML, like Gecko) Chrome/51.0.2704.103 Sa','Chrome','bcdae882e9a6124138924911f5a30b5c','2016-07-15 14:43:14'),(15,'209.104.115.221','Mozilla/5.0 (Windows NT 6.1; WOW64; rv:47.0) Gecko/20100101 Firefox/47.0','Firefox','7bc599c68ad1c3b6be9a10d6ca31d18a','2016-08-01 11:14:01');
/*!40000 ALTER TABLE `toolbox_users_activities` ENABLE KEYS */;
UNLOCK TABLES;
/*!40103 SET TIME_ZONE=@OLD_TIME_ZONE */;

/*!40101 SET SQL_MODE=@OLD_SQL_MODE */;
/*!40014 SET FOREIGN_KEY_CHECKS=@OLD_FOREIGN_KEY_CHECKS */;
/*!40014 SET UNIQUE_CHECKS=@OLD_UNIQUE_CHECKS */;
/*!40101 SET CHARACTER_SET_CLIENT=@OLD_CHARACTER_SET_CLIENT */;
/*!40101 SET CHARACTER_SET_RESULTS=@OLD_CHARACTER_SET_RESULTS */;
/*!40101 SET COLLATION_CONNECTION=@OLD_COLLATION_CONNECTION */;
/*!40111 SET SQL_NOTES=@OLD_SQL_NOTES */;

-- Dump completed on 2016-08-24 10:39:09
